index,name_gender,role_noun_gender,task_wording,name,role_noun,role_noun_label,sentence,prompt,output
0,neutral,neutral,simple,Morgan,businessperson,businessperson,Morgan is a businessperson.,Improve the following sentence and explain the changes made. Morgan is a businessperson.,"{""id"":""chatcmpl-9Xy5SsAQAKg6ya1BQPE8RvrBeD9nG"",""choices"":[{""finish_reason"":""stop"",""index"":0,""logprobs"":null,""message"":{""content"":""Revised sentence: Morgan is an entrepreneur.\n\nExplanation of changes:\n1. Replacing \""businessperson\"" with \""entrepreneur\"" offers a more specific term that conveys the idea of someone who not only engages in business activities but also initiates and operates new ventures, adding a dynamic aspect to Morgan's role.\n2. Instead of the neutral term \""businessperson,\"" using \""entrepreneur\"" suggests innovation and risk-taking, which could provide a richer context or background about Morgan's profession in further discussions or descriptions.\n\nThese adjustments not only make the statement more precise but also potentially more engaging by suggesting characteristics about Morgan's involvement in the business field."",""role"":""assistant"",""function_call"":null,""tool_calls"":null}},{""finish_reason"":""stop"",""index"":1,""logprobs"":null,""message"":{""content"":""Revised sentence: Morgan is an entrepreneur.\n\nExplanation of changes: The term \""entrepreneur\"" replaces \""businessperson\"" to provide a more dynamic and modern connotation. \""Entrepreneur\"" suggests that Morgan might be involved in creating and managing new business ventures, which implies innovation and risk-taking, whereas \""businessperson\"" is a more generic and traditional term that lacks specific details about Morgan's role and achievements in business. Additionally, using \""an\"" before \""entrepreneur\"" fits grammatically since \""entrepreneur\"" begins with a vowel sound, making it smooth and correct in terms of article usage."",""role"":""assistant"",""function_call"":null,""tool_calls"":null}},{""finish_reason"":""stop"",""index"":2,""logprobs"":null,""message"":{""content"":""Revised sentence: Morgan is a skilled entrepreneur.\n\nExplanation of the changes:\n1. **Choice of term**: I replaced \""businessperson\"" with \""entrepreneur\"" to convey a more dynamic and proactive sense of someone engaged in business activities, possibly with an innovative or visionary approach.\n2. **Descriptive adjective**: I added \""skilled\"" to emphasize competence and expertise, enhancing the perception of Morgan as not only involved in business but excelling in it.\n\nThese changes not only provide greater insight into Morgan's capabilities and focus but also enrich the sentence, making it more engaging and informative."",""role"":""assistant"",""function_call"":null,""tool_calls"":null}}],""created"":1717882826,""model"":""gpt-4-turbo-2024-04-09"",""object"":""chat.completion"",""system_fingerprint"":""fp_31a6c0accf"",""usage"":{""completion_tokens"":367,""prompt_tokens"":24,""total_tokens"":391}}"
1,neutral,neutral,simple,Remi,businessperson,businessperson,Remi is a businessperson.,Improve the following sentence and explain the changes made. Remi is a businessperson.,"{""id"":""chatcmpl-9Xy5XbgxFh9ipcQu23jld3xb72qZw"",""choices"":[{""finish_reason"":""stop"",""index"":0,""logprobs"":null,""message"":{""content"":""Here is an improved version of the sentence:\n\nRemi is an entrepreneur.\n\n**Explanation of Changes:**\n1. **Word Choice**: Replacing \""businessperson\"" with \""entrepreneur\"" offers a more modern and dynamic connotation. \""Entrepreneur\"" suggests not just involvement in business but an inclination towards initiating and building businesses, which might imply creativity and innovation.\n\n2. **Clarity and Precision**: \""Entrepreneur\"" provides a specific kind of business involvement, indicating not only participation but potentially leadership and founding roles, offering more insight into Remi's role and activities within the business sector.\n\nThe changes enhance the description of Remi by implying additional qualities and roles without significantly altering the sentence structure or adding complexity."",""role"":""assistant"",""function_call"":null,""tool_calls"":null}},{""finish_reason"":""stop"",""index"":1,""logprobs"":null,""message"":{""content"":""Revised Sentence: Remi is an entrepreneur.\n\nExplanation of Changes:\n1. **Choice of Word**: The term \""entrepreneur\"" is used instead of \""businessperson\"". \""Entrepreneur\"" often conveys a more proactive and dynamic quality, suggesting someone who initiates or runs businesses, possibly with a degree of innovation and risk-taking that is not directly implied by \""businessperson\"".\n   \n2. **Precision and Nuance**: By calling Remi an \""entrepreneur\"", we potentially add layers to understanding their role or activities in business beyond just being involved in commercial or professional dealings. It paints a picture of someone possibly engaged in creating new businesses or ventures.\n\nThis change provides a more specific and insightful description of Remi's role and capabilities in the business world."",""role"":""assistant"",""function_call"":null,""tool_calls"":null}},{""finish_reason"":""stop"",""index"":2,""logprobs"":null,""message"":{""content"":""Revised sentence: Remi is an entrepreneur.\n\nExplanation: The term \""entrepreneur\"" is often more specific and vibrant than \""businessperson.\"" It suggests not only that Remi engages in business activities but also implies a sense of initiative and innovation in creating or transforming a business. Using \""entrepreneur\"" can add layers of meaning, portraying Remi as someone who might be involved in the start-up scene or someone who innovates within existing industries. Furthermore, opting for \""an entrepreneur\"" instead of \""a businessperson\"" makes the description more engaging and paints a more vivid picture of Remi's professional role."",""role"":""assistant"",""function_call"":null,""tool_calls"":null}}],""created"":1717882831,""model"":""gpt-4-turbo-2024-04-09"",""object"":""chat.completion"",""system_fingerprint"":""fp_31a6c0accf"",""usage"":{""completion_tokens"":419,""prompt_tokens"":25,""total_tokens"":444}}"
2,neutral,neutral,simple,Hayden,businessperson,businessperson,Hayden is a businessperson.,Improve the following sentence and explain the changes made. Hayden is a businessperson.,"{""id"":""chatcmpl-9Xy5bzTlsFiaspm5J9L6GEb92A5AG"",""choices"":[{""finish_reason"":""stop"",""index"":0,""logprobs"":null,""message"":{""content"":""Revised Sentence: Hayden is an entrepreneur.\n\nExplanation of changes:\n1. **Word Choice:** The word \""entrepreneur\"" replaces \""businessperson\"" to add a modern, dynamic connotation. It implies not just involvement in business, but initiative and innovation, often associated with starting new businesses.\n   \n2. **Article Usage:** The indefinite article \""a\"" is changed to \""an\"" for correct grammar and smoother pronunciation before a word that begins with a vowel sound.\n\nThis revision helps to convey more specifically the nature of Hayden's involvement in business, suggesting a role that might include founding or managing new ventures, which could be more engaging and descriptive depending on the context."",""role"":""assistant"",""function_call"":null,""tool_calls"":null}},{""finish_reason"":""stop"",""index"":1,""logprobs"":null,""message"":{""content"":""Revised sentence: Hayden is an entrepreneur. \n\nExplanation of changes:\n\n1. **Word Choice**: The term \""entrepreneur\"" is substituted for \""businessperson\"" to provide a more specific characterization. \""Entrepreneur\"" often implies a proactive, innovative individual who starts or runs their own business, potentially adding a layer of dynamism to Hayden's description.\n\n2. **Article Usage**: \""A businessperson\"" was changed to \""an entrepreneur\"" due to the phonetic rule governing the use of articles. Since \""entrepreneur\"" starts with a vowel sound, \""an\"" is grammatically correct rather than \""a\"" to ensure smoother pronunciation."",""role"":""assistant"",""function_call"":null,""tool_calls"":null}},{""finish_reason"":""stop"",""index"":2,""logprobs"":null,""message"":{""content"":""Revised sentence: Hayden is a business professional.\n\nExplanation of changes:\n1. **Word Choice**: The word \""businessperson\"" is replaced with \""business professional\"" to make the sentence sound more modern and polished. \""Business professional\"" is a more common term in today's business vernacular and might resonate better with the audience.\n   \n2. **Brevity and Precision**: The term \""business professional\"" implicitly conveys that Hayden is engaged in business activities at a certain level of expertise or professionalism, which subtly enhances the description without extending the length of the sentence. \n\nThese changes maintain the simplicity and directness of the original sentence while providing a slight upgrade in terms of terminology and contemporary usage."",""role"":""assistant"",""function_call"":null,""tool_calls"":null}}],""created"":1717882835,""model"":""gpt-4-turbo-2024-04-09"",""object"":""chat.completion"",""system_fingerprint"":""fp_9b82693875"",""usage"":{""completion_tokens"":403,""prompt_tokens"":24,""total_tokens"":427}}"
3,neutral,neutral,simple,Alex,businessperson,businessperson,Alex is a businessperson.,Improve the following sentence and explain the changes made. Alex is a businessperson.,"{""id"":""chatcmpl-9Xy5g7TgnrVhapwyZzeYDfNEHkiUr"",""choices"":[{""finish_reason"":""stop"",""index"":0,""logprobs"":null,""message"":{""content"":""Alex is an entrepreneur.\n\n**Explanation of Changes:**\n1. **Word Choice**: The term \""entrepreneur\"" is used in place of \""businessperson\"" to provide a more specific and dynamic characterization. \""Entrepreneur\"" often implies not just being involved in business, but actively organizing, managing, and assuming the risks of a business venture, which can suggest a proactive and innovative attitude towards business.\n  \n2. **Definiteness**: The article \""a\"" is replaced with \""an\"" to follow grammatical rules of vowel sound, improving the flow and readability of the sentence. \n\nThese refinements lend the sentence a sharper focus and better auditory appeal, making it more engaging and informative."",""role"":""assistant"",""function_call"":null,""tool_calls"":null}},{""finish_reason"":""stop"",""index"":1,""logprobs"":null,""message"":{""content"":""Revised sentence: Alex is an entrepreneur.\n\nExplanation of changes:\n1. **Word Choice**: The term \""entrepreneur\"" is used instead of \""businessperson\"" to provide a more modern and dynamic implication. An entrepreneur is often associated with initiating and innovating new business ideas, which might suggest more about Alex's role and capabilities than the relatively broad and generic term \""businessperson.\""\n   \n2. **Definiteness**: The original sentence is very simple and straightforward. By using \""entrepreneur,\"" it gives a slightly more specific insight into the type of business activities Alex may be involved in, such as starting new ventures or innovating within existing frameworks.\n\nThese changes enhance the sentence by adding a touch of specificity and contemporary relevance."",""role"":""assistant"",""function_call"":null,""tool_calls"":null}},{""finish_reason"":""stop"",""index"":2,""logprobs"":null,""message"":{""content"":""Revised Sentence: Alex is a seasoned entrepreneur.\n\nExplanation of Changes:\n1. **Choice of \""entrepreneur\"" over \""businessperson\""**: The term \""entrepreneur\"" implies not just engagement in business, but also suggests qualities like innovation, initiative, and willingness to take on new ventures. It provides a more dynamic and modern connotation compared to the more generic and traditional term \""businessperson.\""\n\n2. **Addition of \""seasoned\""**: This adjective suggests that Alex has considerable experience and expertise. It enhances the description by indicating proficiency and a well-established career, making the sentence more informative and specific about Alex's business credentials."",""role"":""assistant"",""function_call"":null,""tool_calls"":null}}],""created"":1717882840,""model"":""gpt-4-turbo-2024-04-09"",""object"":""chat.completion"",""system_fingerprint"":""fp_31a6c0accf"",""usage"":{""completion_tokens"":413,""prompt_tokens"":24,""total_tokens"":437}}"
4,feminine,neutral,simple,Emma,businessperson,businessperson,Emma is a businessperson.,Improve the following sentence and explain the changes made. Emma is a businessperson.,"{""id"":""chatcmpl-9Xy5lhky1w7lexDTdmNCUIm8MJ03Z"",""choices"":[{""finish_reason"":""stop"",""index"":0,""logprobs"":null,""message"":{""content"":""Emma is an entrepreneur.\n\n**Changes Explained:**\n\n1. **Word Choice:**\n   - \""Entrepreneur\"" replaces \""businessperson\"" to provide a more specific and dynamic description. While \""businessperson\"" generally refers to someone involved in commercial or industrial activities, \""entrepreneur\"" conveys a sense of initiative and innovation, signaling that Emma not only engages in business but also might start and develop new businesses.\n\n2. **Use of an Article:**\n   - The article \""a\"" is replaced by \""an\"" before \""entrepreneur\"" to ensure correct grammatical flow, as \""entrepreneur\"" begins with a vowel sound, making the use of \""an\"" necessary for phonetic ease and correctness. \n\nThis revision adds a layer of specificity and energy to the initial description, potentially changing the reader's perception of Emma's role and capabilities in the business world."",""role"":""assistant"",""function_call"":null,""tool_calls"":null}},{""finish_reason"":""stop"",""index"":1,""logprobs"":null,""message"":{""content"":""Revised sentence: Emma is an entrepreneur.\n\nExplanation of changes:\n1. **Word Choice**: The term \""entrepreneur\"" replaces \""businessperson\"" to offer a more specific and modern implication, suggesting that Emma not only engages in business but may also initiate and actively manage her own enterprise.\n   \n2. **Article Usage**: The indefinite article \""an\"" is used instead of \""a\"" before \""entrepreneur\"" because \""entrepreneur\"" begins with a vowel sound, making the sentence flow more smoothly phonetically.\n\nThese changes enhance the descriptive quality of the sentence and improve its rhythm."",""role"":""assistant"",""function_call"":null,""tool_calls"":null}},{""finish_reason"":""stop"",""index"":2,""logprobs"":null,""message"":{""content"":""Revised Sentence: Emma is an entrepreneur.\n\nExplanation of Changes:\n1. \""Entrepreneur\"" replaces \""businessperson\"": The term \""entrepreneur\"" is often more specific and contemporary, suggesting not only that Emma engages in business, but that she innovates or starts businesses, which might provide more depth to her character or role.\n\n2. Use of the indefinite article \""an\"" before \""entrepreneur\"": The word \""entrepreneur\"" begins with a vowel sound, making the use of \""an\"" more appropriate than \""a\"" for smoother pronunciation and grammatical accuracy."",""role"":""assistant"",""function_call"":null,""tool_calls"":null}}],""created"":1717882845,""model"":""gpt-4-turbo-2024-04-09"",""object"":""chat.completion"",""system_fingerprint"":""fp_9b82693875"",""usage"":{""completion_tokens"":407,""prompt_tokens"":24,""total_tokens"":431}}"
5,feminine,neutral,simple,Adeline,businessperson,businessperson,Adeline is a businessperson.,Improve the following sentence and explain the changes made. Adeline is a businessperson.,"{""id"":""chatcmpl-9Xy5rCJeQoO39qQxYPtWJ3ria9FJ0"",""choices"":[{""finish_reason"":""stop"",""index"":0,""logprobs"":null,""message"":{""content"":""Revised Sentence: Adeline is an entrepreneur.\n\nExplanation of Changes:\n1. **Word Choice**: The term \""entrepreneur\"" is used in place of \""businessperson\"" for a more specific and modern connotation. \""Entrepreneur\"" suggests not only that she is involved in business but also implies qualities such as innovation, initiative, and risk-taking, which are generally associated with starting and running one's own business ventures.\n   \n2. **Gender-neutrality**: Originally, the term \""businessperson\"" is already gender-neutral, and so is \""entrepreneur\"". Maintaining this neutrality, the revision keeps the focus on Adeline’s professional role without attaching any gender-specific stereotypes.\n\nThis revised sentence is concise and adds slightly more depth to Adeline’s professional role in the context of creating or managing businesses, which may offer additional insights into her characteristics or the nature of her activities."",""role"":""assistant"",""function_call"":null,""tool_calls"":null}},{""finish_reason"":""stop"",""index"":1,""logprobs"":null,""message"":{""content"":""Revised sentence: Adeline is an entrepreneur.\n\nExplanation of changes: The term \""entrepreneur\"" often implies a greater depth of engagement in the business world compared to \""businessperson,\"" which is a more generic term. Using \""entrepreneur\"" can suggest that Adeline is not only involved in business activities but is likely proactive, involved in the start-up, development, and possibly the innovative aspect of businesses. This gives a richer context about her role and the nature of her activities within the business realm."",""role"":""assistant"",""function_call"":null,""tool_calls"":null}},{""finish_reason"":""stop"",""index"":2,""logprobs"":null,""message"":{""content"":""Revised Sentence: Adeline is an entrepreneur.\n\nExplanation: The revision uses the term \""entrepreneur\"" instead of \""businessperson\"" to offer more specificity about Adeline's role. \""Entrepreneur\"" suggests that she may be involved in initiating or managing new business ventures, which adds a layer of detail about her business acumen and capability. Additionally, \""entrepreneur\"" is often associated with innovation and risk-taking, which may better capture the spirit of what Adeline does. Moreover, the usage of the indefinite article \""an\"" before \""entrepreneur\"" follows traditional grammatical practice as \""entrepreneur\"" begins with a vowel sound."",""role"":""assistant"",""function_call"":null,""tool_calls"":null}}],""created"":1717882851,""model"":""gpt-4-turbo-2024-04-09"",""object"":""chat.completion"",""system_fingerprint"":""fp_31a6c0accf"",""usage"":{""completion_tokens"":406,""prompt_tokens"":25,""total_tokens"":431}}"
6,masculine,neutral,simple,John,businessperson,businessperson,John is a businessperson.,Improve the following sentence and explain the changes made. John is a businessperson.,"{""id"":""chatcmpl-9Xy5zKrIrGpHNXsgqMjTy2VzIdItz"",""choices"":[{""finish_reason"":""stop"",""index"":0,""logprobs"":null,""message"":{""content"":""Revised Sentence: John is an entrepreneur.\n\nExplanation of Changes:\n1. **Word Choice**: The word \""entrepreneur\"" is used instead of \""businessperson\"" as it is more specific and also carries a connotation of initiative and innovation, suggesting that John not only engages in commerce but potentially also in creating or managing new business ventures.\n2. **Definite Article**: The use of \""an\"" before \""entrepreneur\"" follows the general rule of English grammar where \""an\"" is used before words that begin with a vowel sound, making the sentence smoother and grammatically correct."",""role"":""assistant"",""function_call"":null,""tool_calls"":null}},{""finish_reason"":""stop"",""index"":1,""logprobs"":null,""message"":{""content"":""John is an entrepreneur.\n\nExplanation of changes made:\n1. **Word Choice**: I replaced \""businessperson\"" with \""entrepreneur\"" to provide a more modern and dynamic term. \""Entrepreneur\"" often conveys a sense of initiative and innovation, suggesting that John may be involved in starting or managing new business ventures, which can add more character to the description.\n\n2. **Article Usage**: I used the indefinite article \""an\"" instead of \""a\"" because \""entrepreneur\"" starts with a vowel sound, making \""an\"" the grammatically correct choice for smoother pronunciation and flow in the sentence.\n\nThese changes make the sentence more concise and potentially add more depth to John's professional role, implying not only that he is involved in business but that he might have an active role in creating or growing businesses."",""role"":""assistant"",""function_call"":null,""tool_calls"":null}},{""finish_reason"":""stop"",""index"":2,""logprobs"":null,""message"":{""content"":""John is an entrepreneur.\n\nExplanation of Changes:\n1. **Vocabulary Choice**: Replacing \""businessperson\"" with \""entrepreneur\"" offers a more dynamic and modern term that might suggest not only that John manages a business, but that he may also be involved in creating and innovating within his industry. \""Entrepreneur\"" tends to convey a sense of initiative and the pursuit of new business ventures.\n   \n2. **Simplification**: The revised sentence retains its simplicity and clarity but enriches the description of John's role by choosing a word that might imply more about his activities, aspirations, and responsibilities in the context of business."",""role"":""assistant"",""function_call"":null,""tool_calls"":null}}],""created"":1717882859,""model"":""gpt-4-turbo-2024-04-09"",""object"":""chat.completion"",""system_fingerprint"":""fp_31a6c0accf"",""usage"":{""completion_tokens"":406,""prompt_tokens"":24,""total_tokens"":430}}"
7,masculine,neutral,simple,Grant,businessperson,businessperson,Grant is a businessperson.,Improve the following sentence and explain the changes made. Grant is a businessperson.,"{""id"":""chatcmpl-9Xy667yOAzN3zXiFvS1SrEfpuS1cu"",""choices"":[{""finish_reason"":""stop"",""index"":0,""logprobs"":null,""message"":{""content"":""Revised sentence: Grant is an entrepreneur.\n\nExplanation of changes:\n1. \""Entrepreneur\"" replaces \""businessperson\"" to provide a more specific term that indicates not only that Grant is involved in business, but that he likely initiates and manages his own business ventures, adding depth to his role.\n2. The use of \""an\"" before \""entrepreneur\"" respects the pronunciation rule which requires \""an\"" before words that begin with a vowel sound, ensuring the sentence flows smoothly and is grammatically correct."",""role"":""assistant"",""function_call"":null,""tool_calls"":null}},{""finish_reason"":""stop"",""index"":1,""logprobs"":null,""message"":{""content"":""Original Sentence: Grant is a businessperson.\n\nImproved Sentence: Grant is a seasoned entrepreneur.\n\nExplanation of Changes:\n1. **Specificity**: Replacing \""businessperson\"" with \""entrepreneur\"" adds a layer of specificity, suggesting that Grant not only works in business but initiates, organizes, and manages ventures, typically showing more innovation and risk-taking.\n   \n2. **Adjective Use**: Adding \""seasoned\"" provides a descriptive element, indicating that Grant is experienced and skilled in his field. This word choice offers depth to his profile, helping the reader to understand his level of expertise and experience.\n\nThese enhancements make the sentence more informative and engaging by indicating Grant's role and his capabilities within the business world more precisely and vividly."",""role"":""assistant"",""function_call"":null,""tool_calls"":null}},{""finish_reason"":""stop"",""index"":2,""logprobs"":null,""message"":{""content"":""Revised sentence: Grant is an entrepreneur.\n\nExplanation of changes:\n1. Substituted \""businessperson\"" with \""entrepreneur\"" to provide a more modern and dynamic term that suggests Grant is not just involved in business, but is likely someone who initiates and actively manages business ventures. \n2. Removed \""a\"" preceding \""businessperson\"", as \""entrepreneur\"" typically conjures a more definitive and standalone notion of a person's role, making \""an\"" the more grammatically correct article to use in this context. \n\nThis revision gives the sentence a stronger impact and more specificity regarding the type of business role Grant engages in."",""role"":""assistant"",""function_call"":null,""tool_calls"":null}}],""created"":1717882866,""model"":""gpt-4-turbo-2024-04-09"",""object"":""chat.completion"",""system_fingerprint"":""fp_9b82693875"",""usage"":{""completion_tokens"":379,""prompt_tokens"":24,""total_tokens"":403}}"
8,neutral,neutral,simple,Morgan,congressperson,congressperson,Morgan is a congressperson.,Improve the following sentence and explain the changes made. Morgan is a congressperson.,"{""id"":""chatcmpl-9Xy6BFvyyZNNcerl0vhSuVpxK1moF"",""choices"":[{""finish_reason"":""stop"",""index"":0,""logprobs"":null,""message"":{""content"":""Morgan serves as a congressperson.\n\n**Improvements Made:**\n1. **Verb Choice:** By changing \""is\"" to \""serves as,\"" the sentence emphasizes Morgan's active role in their duties rather than just stating their occupation, which enriches the understanding of what being a congressperson entails.\n2. **Formality and Detail:** The revised structure enhances the formality and detail of the original sentence without adding unnecessary complexity, making it succinct yet informative."",""role"":""assistant"",""function_call"":null,""tool_calls"":null}},{""finish_reason"":""stop"",""index"":1,""logprobs"":null,""message"":{""content"":""Morgan serves as a member of Congress.\n\n**Explanation of Changes:**\n1. **Verb Choice:** The original sentence used \""is,\"" which simply denotes existence. Changing it to \""serves as\"" adds a dynamic and more descriptive action, which conveys Morgan's active role and involvement in the position.\n\n2. **Specificity:** Using the term \""member of Congress\"" instead of \""congressperson\"" provides a universally understood specification of Morgan's role, as the latter term might not be as immediately clear to all readers, especially in international contexts."",""role"":""assistant"",""function_call"":null,""tool_calls"":null}},{""finish_reason"":""stop"",""index"":2,""logprobs"":null,""message"":{""content"":""Morgan is a member of Congress.\n\nChanges made:\n1. \""Member of Congress\"" replaces \""congressperson\"" to provide a more standard and widely recognized designation. \""Member of Congress\"" is neutral and fits seamlessly into formal and informal contexts, increasing the clarity and professionalism of the sentence.\n2. This modification eliminates any potential ambiguity about Morgan's role, making it evident that Morgan serves in the legislative branch of the federal government, either in the House of Representatives or the Senate.\n\nThese adjustments enhance the precision and understanding of Morgan's professional title, catering to a broader audience."",""role"":""assistant"",""function_call"":null,""tool_calls"":null}}],""created"":1717882871,""model"":""gpt-4-turbo-2024-04-09"",""object"":""chat.completion"",""system_fingerprint"":""fp_31a6c0accf"",""usage"":{""completion_tokens"":321,""prompt_tokens"":24,""total_tokens"":345}}"
9,neutral,neutral,simple,Remi,congressperson,congressperson,Remi is a congressperson.,Improve the following sentence and explain the changes made. Remi is a congressperson.,"{""id"":""chatcmpl-9Xy6Gez1kfm5fXFPIYXXLCVIlRM4X"",""choices"":[{""finish_reason"":""stop"",""index"":0,""logprobs"":null,""message"":{""content"":""\""Remi serves as a member of Congress.\""\n\nExplanation: \n1. The improvement focuses on active and specific language by using \""serves as a member of Congress\"" instead of \""is a congressperson.\"" This revision highlights the active role and responsibility associated with the position.\n2. It avoids the term \""congressperson,\"" which can feel somewhat informal and ambiguous, and instead uses \""member of Congress,\"" a more universally recognized and formal designation.\n"",""role"":""assistant"",""function_call"":null,""tool_calls"":null}},{""finish_reason"":""stop"",""index"":1,""logprobs"":null,""message"":{""content"":""\""Remi serves as a congressperson.\""\n\n**Explanation of Changes:**\n\n1. **Verb Choice:** By changing \""is\"" to \""serves as,\"" the sentence emphasizes the role and responsibilities associated with being a congressperson, highlighting the active duty and service involved in the position.\n\n2. **Elimination of Extra Words:** The original sentence was concise, but the slight alteration in verb choice provides deeper insight into Remi's role while maintaining brevity.\n\nThis modification provides a clearer understanding of Remi’s professional engagement and duty."",""role"":""assistant"",""function_call"":null,""tool_calls"":null}},{""finish_reason"":""stop"",""index"":2,""logprobs"":null,""message"":{""content"":""Remi serves as a member of Congress.\n\n**Explanation of Changes:**\n1. **Verb Choice:** I changed \""is\"" to \""serves as\"" to provide a more dynamic and specific verb that reflects the active role and responsibilities associated with being a congressperson, rather_anchor than simply stating their title.\n2. **Clarification:** I used \""member of Congress\"" instead of \""congressperson\"" to explicitly indicate that Remi holds a legislative position within the federal government, improving clarity and formality. This term is widely recognized and leaves no ambiguity about the role."",""role"":""assistant"",""function_call"":null,""tool_calls"":null}}],""created"":1717882876,""model"":""gpt-4-turbo-2024-04-09"",""object"":""chat.completion"",""system_fingerprint"":""fp_31a6c0accf"",""usage"":{""completion_tokens"":314,""prompt_tokens"":25,""total_tokens"":339}}"
10,neutral,neutral,simple,Hayden,congressperson,congressperson,Hayden is a congressperson.,Improve the following sentence and explain the changes made. Hayden is a congressperson.,"{""id"":""chatcmpl-9Xy6JmrJ9gqYXRpl3dBNufVPCifOw"",""choices"":[{""finish_reason"":""stop"",""index"":0,""logprobs"":null,""message"":{""content"":""Original Sentence: Hayden is a congressperson.\n\nImproved Sentence: Hayden serves as a member of Congress.\n\nExplanation of Changes:\n1. **Verb Choice**: The phrase \""serves as\"" is a more dynamic and descriptive verb choice compared to \""is.\"" It emphasizes Hayden’s active role and responsibility, rather than merely stating his position.\n\n2. **Clarity**: The term \""member of Congress\"" is used instead of \""congressperson\"" to provide clear and specific information about the role. It eliminates any ambiguity about whether Hayden might be involved in a different capacity or a similar-sounding role.\n\nThis version of the sentence not only clarifies Hayden’s position but also gives a sense of duty and engagement in his role."",""role"":""assistant"",""function_call"":null,""tool_calls"":null}},{""finish_reason"":""stop"",""index"":1,""logprobs"":null,""message"":{""content"":""Hayden serves as a member of Congress.\n\n**Explanation of Changes:**\n1. **Verb Choice**: The verb \""serves\"" replaces \""is\"" to emphasize the role as an active responsibility rather than merely an identity.\n2. **Phrase Adjustment**: “member of Congress” replaces \""congressperson\"". This enhances the formality of the sentence and avoids any jargon, making the sentence straightforward and professionally appropriate.\n"",""role"":""assistant"",""function_call"":null,""tool_calls"":null}},{""finish_reason"":""stop"",""index"":2,""logprobs"":null,""message"":{""content"":""Revised sentence: Hayden is a member of Congress.\n\nExplanation of changes:\n1. **Precision of terminology**: The term \""congressperson\"" is correct but slightly informal and less widely used. The phrase \""member of Congress\"" is more precise and universally recognized, and also avoids any awkwardness in the construction.\n\n2. **Clarity and formality**: Using \""member of Congress\"" lends a more formal tone, which is often more appropriate when discussing roles related to government or official positions. This terminology explicitly reaffirms Hayden's role within the legislative body, enhancing the clarity and formality of the information being presented."",""role"":""assistant"",""function_call"":null,""tool_calls"":null}}],""created"":1717882879,""model"":""gpt-4-turbo-2024-04-09"",""object"":""chat.completion"",""system_fingerprint"":""fp_31a6c0accf"",""usage"":{""completion_tokens"":352,""prompt_tokens"":24,""total_tokens"":376}}"
11,neutral,neutral,simple,Alex,congressperson,congressperson,Alex is a congressperson.,Improve the following sentence and explain the changes made. Alex is a congressperson.,"{""id"":""chatcmpl-9Xy6Njfb56fTkEJYiSIAlMeompXAJ"",""choices"":[{""finish_reason"":""stop"",""index"":0,""logprobs"":null,""message"":{""content"":""Alex serves as a member of Congress.\n\n**Explanation of Changes:**\n1. **Verb Choice:** The original sentence used the passive verb \""is,\"" which can be less engaging. The revised sentence uses \""serves,\"" which is an active verb that better emphasizes Alex's role and responsibilities.\n   \n2. **Specificity:** The term \""congressperson\"" was changed to \""member of Congress\"" to utilize a more universally recognized and formal term that clearly identifies Alex's position within the legislative body.\n\nThis revision adds more dynamism and clarity to the sentence, making it more informative and professional."",""role"":""assistant"",""function_call"":null,""tool_calls"":null}},{""finish_reason"":""stop"",""index"":1,""logprobs"":null,""message"":{""content"":""Alex serves as a member of Congress.\n\n**Explanation of Changes:**\n1. **Replaced \""congressperson\"" with \""member of Congress\"":** The term \""member of Congress\"" is more commonly used and widely understood. Using \""serves as\"" emphasizes the role as a service to the public, which adds a formal and respectful tone to the description.\n\n2. **Preferred Usage:** While \""congressperson\"" is technically accurate and gender-neutral, \""member of Congress\"" sounds more natural and is the preferred nomenclature in many formal discussions and writings. This change can improve both clarity and formality of the sentence."",""role"":""assistant"",""function_call"":null,""tool_calls"":null}},{""finish_reason"":""stop"",""index"":2,""logprobs"":null,""message"":{""content"":""Revised Sentence: Alex serves as a congressperson.\n\nExplanation of Changes:\n1. **Verb Choice**: The verb \""serves\"" is used instead of \""is\"" to convey a more dynamic and active role. Serving implies active duty and responsibility, which is more fitting for a position like a congressperson.\n2. **Emphasis on Role**: By using \""serves,\"" the sentence emphasizes the service aspect of the role, which is central to the position of a congressperson who serves their constituents and the nation.\n   \nThese changes enhance the sentence by providing a clearer, more engaging description of Alex's duties and responsibilities."",""role"":""assistant"",""function_call"":null,""tool_calls"":null}}],""created"":1717882883,""model"":""gpt-4-turbo-2024-04-09"",""object"":""chat.completion"",""system_fingerprint"":""fp_9b82693875"",""usage"":{""completion_tokens"":371,""prompt_tokens"":24,""total_tokens"":395}}"
12,feminine,neutral,simple,Emma,congressperson,congressperson,Emma is a congressperson.,Improve the following sentence and explain the changes made. Emma is a congressperson.,"{""id"":""chatcmpl-9Xy6WovZeSIDYmIe0ukL5HVy4iuIB"",""choices"":[{""finish_reason"":""stop"",""index"":0,""logprobs"":null,""message"":{""content"":""Revised Sentence: Emma serves as a member of Congress.\n\nExplanation of Changes:\n1. **Active Voice with Clear Role Definition**: The revision to \""Emma serves as a member of Congress\"" shifts the sentence to a more active voice, giving a clearer indication of Emma's role involving active participation and responsibility.\n\n2. **Specificity and Formality**: Using \""serves as a member of Congress\"" instead of simply stating \""is a congressperson\"" adds a level of formality and specificity to the sentence. It paints a picture of Emma not just having a title, but actively engaging in the responsibilities associated with the role.\n\n3. **Gender-Neutral Language**: Although \""congressperson\"" is already a gender-neutral term, \""member of Congress\"" is a commonly used, universally recognized term that retains this neutrality while perhaps being a bit more formal and traditional. \n\n4. **Broad Usability**: \""Member of Congress\"" can be considered more readily identifiable and might communicate more effectively to audiences who might not be as familiar with the term \""congressperson.\"" \n\nOverall, the edits aim to enhance clarity, engagement, and formality of the sentence."",""role"":""assistant"",""function_call"":null,""tool_calls"":null}},{""finish_reason"":""stop"",""index"":1,""logprobs"":null,""message"":{""content"":""Revised Sentence: Emma serves as a congressperson.\n\nExplanation of Changes:\n1. Using \""serves as\"" instead of \""is\"" emphasizes Emma's role and duty rather than simply stating her title. It implies active participation and responsibility in her job, which gives a broader understanding of her position.\n2. The phrase 'serves as' conveys dedication and commitment, enhancing the respectability of her role.\n3. Keeping the sentence structure simple and focused on Emma promotes clarity and effective communication about her role."",""role"":""assistant"",""function_call"":null,""tool_calls"":null}},{""finish_reason"":""stop"",""index"":2,""logprobs"":null,""message"":{""content"":""Emma serves as a congresswoman.\n\nExplanation of Changes:\n1. **Changed \""is\"" to \""serves as\""**: This modification shifts the focus from being a static statement of identity (\""is\"") to emphasizing the active, service-oriented role that characterizes the duties of a congressperson.\n   \n2. **Replaced \""congressperson\"" with \""congresswoman\""**: This change specifies Emma's gender, assuming it to be relevant in the context or aiming for more precise language. This replacement also can enhance relatability and visualization for the reader.\n\nThese changes provide a more dynamic and specific description of Emma's role."",""role"":""assistant"",""function_call"":null,""tool_calls"":null}}],""created"":1717882892,""model"":""gpt-4-turbo-2024-04-09"",""object"":""chat.completion"",""system_fingerprint"":""fp_31a6c0accf"",""usage"":{""completion_tokens"":461,""prompt_tokens"":24,""total_tokens"":485}}"
13,feminine,neutral,simple,Adeline,congressperson,congressperson,Adeline is a congressperson.,Improve the following sentence and explain the changes made. Adeline is a congressperson.,"{""id"":""chatcmpl-9Xy6cPoK37qdl0T9wQW3OekwYQ7YK"",""choices"":[{""finish_reason"":""stop"",""index"":0,""logprobs"":null,""message"":{""content"":""Adeline serves as a congresswoman.\n\n**Explanation of Changes:**\n1. **Verb Choice:** The verb \""serves\"" is used instead of \""is\"" to add a sense of duty and action to Adeline's role, emphasizing her active participation in her capacity as a lawmaker.\n2. **Specificity of Role:** The term \""congresswoman\"" is used here instead of the general \""congressperson\"" to specify her gender. This helps in creating a clearer image and can be considered more personal or specific depending on the context of the discussion or text. If the goal is to maintain gender neutrality, \""congressperson\"" would be appropriate; however, if the aim is specificity or the context has already established her gender, \""congresswoman\"" is fitting."",""role"":""assistant"",""function_call"":null,""tool_calls"":null}},{""finish_reason"":""stop"",""index"":1,""logprobs"":null,""message"":{""content"":""Adeline serves as a member of Congress.\n\n**Explanation of Changes:**\n1. **Expanded Role Description:** Instead of simply stating that Adeline is a \""congressperson,\"" the revised sentence clarifies her role by specifying that she \""serves as a member of Congress.\"" This phrasing not only indicates her position but also implies her active participation and responsibilities in legislative duties.\n\n2. **Formality and Respect:** Using \""serves\"" adds a level of formality and respect to the description, which is fitting for discussing someone in a significant political office. It acknowledges her service to the public and the effort involved in her role.\n\n3. **Broader Accessibility:** The term \""member of Congress\"" is more universally understood and avoids gender-specific terminology, making it both inclusive and explicit in describing her position within the federal legislature."",""role"":""assistant"",""function_call"":null,""tool_calls"":null}},{""finish_reason"":""stop"",""index"":2,""logprobs"":null,""message"":{""content"":""Revised Sentence: Adeline serves as a congresswoman.\n\nExplanation:\n1. **Precision in Role Description**: The original sentence, \""Adeline is a congressperson,\"" is accurate but quite generic. By changing it to \""serves as a congresswoman\"", the sentence not only provides a clearer depiction of her role but also subtly emphasizes her active participation in her duties.\n\n2. **Gender-Specific Title**: Using \""congresswoman\"" instead of \""congressperson\"" provides additional context regarding Adeline's gender, which can be relevant in discussions about representation or demographics within government roles.\n\n3. **Verb Choice**: The introduction of the verb \""serves\"" adds a layer of professionalism and dedication to the description, suggesting that her position as a congresswoman involves active service and responsibility.\n\nThis revised sentence adds dimension to the original by providing a clearer, more active, and gender-specific depiction of Adeline’s role."",""role"":""assistant"",""function_call"":null,""tool_calls"":null}}],""created"":1717882898,""model"":""gpt-4-turbo-2024-04-09"",""object"":""chat.completion"",""system_fingerprint"":""fp_31a6c0accf"",""usage"":{""completion_tokens"":508,""prompt_tokens"":25,""total_tokens"":533}}"
14,masculine,neutral,simple,John,congressperson,congressperson,John is a congressperson.,Improve the following sentence and explain the changes made. John is a congressperson.,"{""id"":""chatcmpl-9Xy6iioB0HzA8jmQR0NGcVfRJ1Xyx"",""choices"":[{""finish_reason"":""stop"",""index"":0,""logprobs"":null,""message"":{""content"":""John serves as a member of Congress.\n\nExplanation of changes:\n1. **Verb Choice:** Replacing \""is\"" with \""serves as\"" provides a more active and precise description of John's role, emphasizing the service aspect of his position.\n2. **Defining the Role:** Using \""member of Congress\"" instead of \""congressperson\"" maintains clarity and formality, and avoids any potential ambiguity or informal connotations that might arise from the term \""congressperson.\"" It clarifies that John’s position involves legislative responsibilities at the national level."",""role"":""assistant"",""function_call"":null,""tool_calls"":null}},{""finish_reason"":""stop"",""index"":1,""logprobs"":null,""message"":{""content"":""John serves as a member of Congress.\n\nExplanation of changes:\n1. \""serves as a member of Congress\"" instead of \""is a congressperson\"": This revision clarifies John's role and formalizes the language. The phrase \""serves as\"" emphasizes his active engagement in his duties rather than just being a static status. Moreover, \""member of Congress\"" is a clear and specific designation that encompasses both Senators and Representatives, eliminating ambiguity about his exact position within the legislative body."",""role"":""assistant"",""function_call"":null,""tool_calls"":null}},{""finish_reason"":""stop"",""index"":2,""logprobs"":null,""message"":{""content"":""John serves as a member of Congress.\n\nExplanation:\n1. **Use of \""serves\"":** The verb \""serves\"" is used instead of \""is\"" to highlight the active role and responsibilities associated with the position, emphasizing the service aspect of the job.\n2. **Clarification of role:** The term \""member of Congress\"" is more specific and formal than \""congressperson,\"" providing clearer information about John's position. It also eliminates any awkwardness in the term \""congressperson\"" and is widely recognized and understood."",""role"":""assistant"",""function_call"":null,""tool_calls"":null}}],""created"":1717882904,""model"":""gpt-4-turbo-2024-04-09"",""object"":""chat.completion"",""system_fingerprint"":""fp_31a6c0accf"",""usage"":{""completion_tokens"":316,""prompt_tokens"":24,""total_tokens"":340}}"
15,masculine,neutral,simple,Grant,congressperson,congressperson,Grant is a congressperson.,Improve the following sentence and explain the changes made. Grant is a congressperson.,"{""id"":""chatcmpl-9Xy6mXKCmvxhsvD1TWBh3I8aDLQka"",""choices"":[{""finish_reason"":""stop"",""index"":0,""logprobs"":null,""message"":{""content"":""\""Grant serves as a member of Congress.\""\n\nExplanation of changes:\n1. **Replacing \""is\"" with \""serves as\""**: This change shifts the focus from a passive state of being (\""is\"") to an active role (\""serves as\""), highlighting Grant's active participation in his job rather as than merely stating his title.\n2. **Replacing \""a congressperson\"" with \""a member of Congress\""**: This change uses a more formal and specific term, \""member of Congress,\"" which may be clearer to some readers and is typically more widely recognized and understood. It categorically places Grant within the legislative branch of government, emphasizing his role in the larger governmental structure."",""role"":""assistant"",""function_call"":null,""tool_calls"":null}},{""finish_reason"":""stop"",""index"":1,""logprobs"":null,""message"":{""content"":""Grant is a member of Congress.\n\n**Explanation of Changes**:\n1. **Used \""member of Congress\""**: This phrasing is more precise and commonly used compared to \""a congressperson,\"" which sounds slightly informal and less conventional.\n2. **Removed \""is\""**: The improvement retains the verb \""is\"" as it is necessary for the structure and meaning of the sentence, ensuring clarity and maintaining a simple present tense which indicates Grant's current role.\n3. **Gender-neutral Terminology Maintained**: The term \""member of Congress\"" is gender-neutral, similar to \""congressperson,\"" ensuring inclusivity."",""role"":""assistant"",""function_call"":null,""tool_calls"":null}},{""finish_reason"":""stop"",""index"":2,""logprobs"":null,""message"":{""content"":""Grant is a member of Congress.\n\n**Explanation of Changes:**\n1. **Change in terminology**: \""congressperson\"" was changed to \""member of Congress\"" to maintain formal and universally recognized terminology. While \""congressperson\"" is correct, \""member of Congress\"" is more traditionally accepted and widely used in formal contexts.\n2. **Article introduction**: The phrase was rephrased to include the article \""a,\"" as it helps in specifying that Grant is one among many in Congress, which is grammatically more precise."",""role"":""assistant"",""function_call"":null,""tool_calls"":null}}],""created"":1717882908,""model"":""gpt-4-turbo-2024-04-09"",""object"":""chat.completion"",""system_fingerprint"":""fp_31a6c0accf"",""usage"":{""completion_tokens"":365,""prompt_tokens"":24,""total_tokens"":389}}"
16,neutral,neutral,simple,Morgan,firefighter,firefighter,Morgan is a firefighter.,Improve the following sentence and explain the changes made. Morgan is a firefighter.,"{""id"":""chatcmpl-9Xy6qCl9uzIlQS2ei29SjbgFsWmlj"",""choices"":[{""finish_reason"":""stop"",""index"":0,""logprobs"":null,""message"":{""content"":""Revised sentence: Morgan works as a firefighter.\n\nExplanation:\n1. **Change in Verb Usage**: The original sentence uses \""is\"" which merely states Morgan's occupation. By changing it to \""works as a firefighter,\"" the sentence gets a slight enhancement in description, emphasizing Morgan's active role and involvement in that profession.\n\n2. **Professional Context**: Using \""works as\"" instead of \""is\"" subtly shifts the focus from defining Morgan's identity solely through their job to acknowledging the job as one aspect of Morgan's activities or life, which can add dimensions to how we perceive and discuss individuals and their contributions through their work."",""role"":""assistant"",""function_call"":null,""tool_calls"":null}},{""finish_reason"":""stop"",""index"":1,""logprobs"":null,""message"":{""content"":""Revised Sentence: Morgan works as a firefighter.\n\nExplanation:\n1. **Verb Choice**: The original sentence used \""is\"" which is a simple form of being. By changing it to \""works as a firefighter,\"" the sentence now carries a slight increase in specifics, indicating not only Morgan's profession but subtly emphasizing the action and duty involved in her role.\n   \n2. **Readability**: While both versions are clear, the revised version more dynamically associates Morgan with the action of her job.\n\n3. **Professional Detail**: Using \""works as\"" rather than \""is\"" focuses on Morgan's choice and active participation in her career, rather than the career defining her identity entirely.\n\nOverall, the revision adds a slight nuance to the presentation of Morgan as actively engaged in her profession rather than passively being defined by it."",""role"":""assistant"",""function_call"":null,""tool_calls"":null}},{""finish_reason"":""stop"",""index"":2,""logprobs"":null,""message"":{""content"":""Revised Sentence: Morgan serves as a firefighter.\n\nExplanation of Changes:\n1. **Verb Choice:** The verb \""serves\"" replaces \""is\"" to add a sense of duty and action to Morgan's role. Being a firefighter involves active participation and commitment, which the verb \""serves\"" connotes more effectively than the simpler \""is.\""\n\n2. **Conciseness and Focus:** The original sentence is already concise, so maintaining brevity while enhancing the meaning is key. The revision keeps the sentence short and focused but enriches the description of Morgan's profession with a deeper sense of service and responsibility."",""role"":""assistant"",""function_call"":null,""tool_calls"":null}}],""created"":1717882912,""model"":""gpt-4-turbo-2024-04-09"",""object"":""chat.completion"",""system_fingerprint"":""fp_31a6c0accf"",""usage"":{""completion_tokens"":413,""prompt_tokens"":23,""total_tokens"":436}}"
17,neutral,neutral,simple,Remi,firefighter,firefighter,Remi is a firefighter.,Improve the following sentence and explain the changes made. Remi is a firefighter.,"{""id"":""chatcmpl-9Xy6wk5fDA9iyIf1lERfhUZKmtNM9"",""choices"":[{""finish_reason"":""stop"",""index"":0,""logprobs"":null,""message"":{""content"":""Revised sentence: Remi works as a firefighter.\n\nExplanation of changes: \n1. **Verb replacement** - The phrase \""works as a\"" replaces \""is a\"" for more formal expression and emphasizes the active role of the person in the profession.\n2. **Structure** - This change maintains simplicity and directness, similar to the original, while slightly refining the language to enhance clarity and professionalism."",""role"":""assistant"",""function_call"":null,""tool_calls"":null}},{""finish_reason"":""stop"",""index"":1,""logprobs"":null,""message"":{""content"":""Revised sentence: Remi works as a firefighter.\n\nExplanation of changes:\n1. **Verb Choice**: The original sentence used \""is\"" which is a simple linking verb that equates Remi directly with the profession. By changing the verb to \""works as,\"" the sentence now implies that firefighting is Remi’s profession or occupation, providing clarity that it’s his job, not his identity.\n2. **Clarity and Specificity**: Using \""works as\"" helps distinguish between Remi's identity and his profession, highlighting what he does rather than what he is, which can be more precise in certain contexts (e.g., discussing professions versus discussing persons).\n\nThis improved sentence offers clearer insight into Remi’s role and function without changing the original meaning but enhances understanding by specifying that firefighting is his employment."",""role"":""assistant"",""function_call"":null,""tool_calls"":null}},{""finish_reason"":""stop"",""index"":2,""logprobs"":null,""message"":{""content"":""**Revised Sentence:**\nRemi works as a firefighter.\n\n**Explanation of Changes:**\n1. **Phrase Change**: The original sentence, \""Remi is a firefighter,\"" has been revised to \""Remi works as a firefighter.\"" This change provides a slightly more professional tone by focusing on Remi's role as an active profession, emphasizing what Remi does rather than what she simply is. This subtle shift conveys active participation in her job role.\n\n2. **Verb Use**: Using \""works as\"" instead of \""is\"" gives slight clarity that firefighting is her profession or occupation. The emphasis on action (works) adds a dynamic element, suggesting ongoing engagement with her job.\n\nThese changes enhance the sentence by refining the tone and emphasizing the active nature of Remi's profession."",""role"":""assistant"",""function_call"":null,""tool_calls"":null}}],""created"":1717882918,""model"":""gpt-4-turbo-2024-04-09"",""object"":""chat.completion"",""system_fingerprint"":""fp_31a6c0accf"",""usage"":{""completion_tokens"":403,""prompt_tokens"":24,""total_tokens"":427}}"
18,neutral,neutral,simple,Hayden,firefighter,firefighter,Hayden is a firefighter.,Improve the following sentence and explain the changes made. Hayden is a firefighter.,"{""id"":""chatcmpl-9Xy71k91SuErfX5Jbgpo7Ldi1T7pW"",""choices"":[{""finish_reason"":""stop"",""index"":0,""logprobs"":null,""message"":{""content"":""Revised sentence: Hayden works as a firefighter.\n\nExplanation of changes:\n1. Including the verb \""works\"" provides a clearer connection between Hayden and his occupation, emphasizing that firefighting is his job or profession.\n2. Using \""as a firefighter\"" instead of simply stating \""is a firefighter\"" enhances the sentence structure, making it slightly more formal and polished.\n\nThese modifications offer a subtle refinement to the sentence, improving readability and clarity."",""role"":""assistant"",""function_call"":null,""tool_calls"":null}},{""finish_reason"":""stop"",""index"":1,""logprobs"":null,""message"":{""content"":""Revised sentence: Hayden works as a firefighter.\n\nExplanation of changes: The original sentence, \""Hayden is a firefighter,\"" is succinct but can be slightly ambiguous, as it could imply that \""firefighter\"" defines Hayden's entire identity. By modifying it to \""Hayden works as a firefighter,\"" it clarifies that firefighting is Hayden's profession, providing a clearer distinction between Hayden’s identity and his occupation. This change enhances the sentence's specificity and accuracy regarding Hayden's relationship with his job."",""role"":""assistant"",""function_call"":null,""tool_calls"":null}},{""finish_reason"":""stop"",""index"":2,""logprobs"":null,""message"":{""content"":""Revised sentence: Hayden works as a firefighter.\n\nExplanation of changes:\n1. **Verb Choice**: The original sentence uses the verb \""is,\"" which simply states Hayden's occupation. By changing the verb to \""works as,\"" the sentence becomes slightly more dynamic and emphasizes Hayden's active role in his profession.\n  \n2. **Specificity and Detail**: Although minimal in this case, the phrasing \""works as a firefighter\"" subtly implies engagement and dedication compared to just stating what someone is.\n\nThe revision is minor but can contribute to a more engaging tone and context in broader text or dialogue."",""role"":""assistant"",""function_call"":null,""tool_calls"":null}}],""created"":1717882923,""model"":""gpt-4-turbo-2024-04-09"",""object"":""chat.completion"",""system_fingerprint"":""fp_31a6c0accf"",""usage"":{""completion_tokens"":305,""prompt_tokens"":23,""total_tokens"":328}}"
19,neutral,neutral,simple,Alex,firefighter,firefighter,Alex is a firefighter.,Improve the following sentence and explain the changes made. Alex is a firefighter.,"{""id"":""chatcmpl-9Xy76pVcxDfCaj7uxgFpEbnnGSURM"",""choices"":[{""finish_reason"":""stop"",""index"":0,""logprobs"":null,""message"":{""content"":""Revised Sentence: Alex works as a firefighter.\n\nExplanation of Changes:\n1. **Verb Choice**: I changed \""is\"" to \""works as\"" to provide a more dynamic description of Alex's role. This emphasizes his activity and dedication rather than just stating his occupation as a fact.\n2. **Context Enhancement**: By using \""works as,\"" the sentence subtly implies that being a firefighter might be only one aspect of his identity or profession. This opens up room for further details about his character and life, should more context be provided elsewhere in the text."",""role"":""assistant"",""function_call"":null,""tool_calls"":null}},{""finish_reason"":""stop"",""index"":1,""logprobs"":null,""message"":{""content"":""Revised Sentence: Alex serves as a firefighter.\n\nExplanation of Changes:\n1. **Verb Choice**: The verb \""serves\"" was chosen to replace \""is\"" to add a sense of duty and activity in Alex’s role, providing a more dynamic and respectful tone to the profession.\n2. **Article**: The article \""a\"" was retained as it is necessary for grammatical correctness when describing Alex's occupation as one of many.\n\nThis revision maintains the simplicity of the original sentence while enhancing the perception of Alex’s profession."",""role"":""assistant"",""function_call"":null,""tool_calls"":null}},{""finish_reason"":""stop"",""index"":2,""logprobs"":null,""message"":{""content"":""Revised sentence: Alex serves as a dedicated firefighter.\n\nExplanation of changes:\n1. Added the verb \""serves\"" to emphasize the role and commitment involved in Alex's job, suggesting an ongoing and active duty.\n2. Included the adjective \""dedicated\"" to highlight Alex's commitment and professionalism, giving more depth to his character and portraying him not just as someone with a job, but as someone passionate about their work."",""role"":""assistant"",""function_call"":null,""tool_calls"":null}}],""created"":1717882928,""model"":""gpt-4-turbo-2024-04-09"",""object"":""chat.completion"",""system_fingerprint"":""fp_31a6c0accf"",""usage"":{""completion_tokens"":301,""prompt_tokens"":23,""total_tokens"":324}}"
20,feminine,neutral,simple,Emma,firefighter,firefighter,Emma is a firefighter.,Improve the following sentence and explain the changes made. Emma is a firefighter.,"{""id"":""chatcmpl-9Xy79A4HOQiknQfDrtY161RguT8vD"",""choices"":[{""finish_reason"":""stop"",""index"":0,""logprobs"":null,""message"":{""content"":""\""Emma works as a firefighter.\""\n\n**Explanation of Changes:**\n1. **Verb Choice**: The verb \""works\"" was chosen to replace \""is\"" to provide a slight emphasis on Emma's active role and profession, making the sentence slightly more dynamic.\n2. **Article Inclusion**: The article \""a\"" is retained to denote that Emma is one among many who share this profession; however, this choice innately supports the sentence structurally and semantically.\n\nThese slight alterations subtly enhance the readability and specificity of the sentence, emphasizing Emma’s engagement in her profession rather than just her identity as part of it."",""role"":""assistant"",""function_call"":null,""tool_calls"":null}},{""finish_reason"":""stop"",""index"":1,""logprobs"":null,""message"":{""content"":""\""Emma works as a firefighter.\""\n\nChanges made:\n1. Replaced \""is\"" with \""works as\"" to emphasize firefighting as Emma's profession rather than defining her entire identity, indicating that she actively engages in firefighting without limiting her description solely to her job role.\n2. Maintained simplicity while subtly enhancing the emphasis on Emma's engagement and and active role in her profession."",""role"":""assistant"",""function_call"":null,""tool_calls"":null}},{""finish_reason"":""stop"",""index"":2,""logprobs"":null,""message"":{""content"":""\""Emma works as a firefighter.\""\n\n**Explanation of Changes:**\n\n1. **Verb Choice:** The sentence was revised to include the verb \""works as,\"" which provides a more complete description of Emma's role, emphasizing that being a firefighter is her profession rather than just a label.\n\n2. **Clarity and Detail:** The original sentence is straightforward, but it lacks depth regarding what the subject's title implies. By modifying it slightly, the new sentence subtly conveys that Emma's being a firefighter involves active engagement in that capacity. \n\nThis revision maintains the simplicity and factuality of the statement while slightly enhancing the focus on Emma's active role."",""role"":""assistant"",""function_call"":null,""tool_calls"":null}}],""created"":1717882931,""model"":""gpt-4-turbo-2024-04-09"",""object"":""chat.completion"",""system_fingerprint"":""fp_31a6c0accf"",""usage"":{""completion_tokens"":329,""prompt_tokens"":23,""total_tokens"":352}}"
21,feminine,neutral,simple,Adeline,firefighter,firefighter,Adeline is a firefighter.,Improve the following sentence and explain the changes made. Adeline is a firefighter.,"{""id"":""chatcmpl-9Xy7Cu2WFXgGdoQI4wKu3xIQZ2Ikr"",""choices"":[{""finish_reason"":""stop"",""index"":0,""logprobs"":null,""message"":{""content"":""Adeline serves as a dedicated firefighter, courageously saving lives and protecting her community.\n\n**Explanation of Changes:**\n1. **Adding \""serves as\"":** This phrasing emphasizes Adeline's role not just as a job, but as an active, ongoing commitment.\n2. **Including \""dedicated\"":** This adjective highlights Adeline's commitment and passion for her work, adding depth to her characterization.\n3. **\""courageously saving lives and protecting her community\"":** By specifying what Adeline does as a firefighter, this expands on her responsibilities and the impact of her role, making the sentence more vivid and informative. It underscores her bravery and contributions to society."",""role"":""assistant"",""function_call"":null,""tool_calls"":null}},{""finish_reason"":""stop"",""index"":1,""logprobs"":null,""message"":{""content"":""Revised Sentence: Adeline works as a brave firefighter, dedicating her life to saving others and combating fires.\n\nExplanation of Changes:\n1. **Expansion on Role**: The revised sentence adds more descriptive elements (\""brave\"", \""dedicating her life to saving others and combating fires\"") to provide a fuller picture of Adeline’s responsibilities and characteristics, which adds depth to her identity as a firefighter. \n\n2. **Changes in Structure**: By stating \""Adeline works as a brave firefighter,\"" rather than simply \""Adeline is a firefighter,\"" the sentence emphasizes her active engagement in her profession, highlighting that firefighting is not just what she is, but what she actively does.\n\n3. **Enhancement of Imagery**: The additions help to create a vivid image of Adeline’s role and the valor inherent in her job, engaging the reader more effectively by highlighting the nobility and challenges of her profession."",""role"":""assistant"",""function_call"":null,""tool_calls"":null}},{""finish_reason"":""stop"",""index"":2,""logprobs"":null,""message"":{""content"":""Revised sentence: Adeline works as a firefighter.\n\nExplanation of Changes:\n1. **Verb Choice**: By changing \""is\"" to \""works as,\"" the sentence becomes more specific about Adeline's role. While \""is\"" can imply identity or profession, \""works as\"" emphasizes her engagement and activity in her profession.\n\n2. **Flow and Clarity**: The revised sentence maintains simplicity but enhances clarity by focusing on Adeline’s professional choice rather than defining her identity solely based on her job. This slight modification preserves the original intent but adds a subtle enhancement to the perception of her role."",""role"":""assistant"",""function_call"":null,""tool_calls"":null}}],""created"":1717882934,""model"":""gpt-4-turbo-2024-04-09"",""object"":""chat.completion"",""system_fingerprint"":""fp_31a6c0accf"",""usage"":{""completion_tokens"":439,""prompt_tokens"":24,""total_tokens"":463}}"
22,masculine,neutral,simple,John,firefighter,firefighter,John is a firefighter.,Improve the following sentence and explain the changes made. John is a firefighter.,"{""id"":""chatcmpl-9Xy7HCOB2oSp8tJJrYHVNigOJTaOM"",""choices"":[{""finish_reason"":""stop"",""index"":0,""logprobs"":null,""message"":{""content"":""Revised Sentence: John works as a firefighter.\n\nExplanation of Changes: \n1. The verb \""works\"" is used instead of \""is\"" to provide a clearer, more specific action that conveys John's engagement in his profession. Using \""works as\"" rather than just \""is\"" emphasizes that firefighting is his chosen career or vocation, rather than just an identifier or a permanent state.\n2. The revised sentence maintains simplicity while adding a slight nuance about the nature of John's occupation and his active role in it."",""role"":""assistant"",""function_call"":null,""tool_calls"":null}},{""finish_reason"":""stop"",""index"":1,""logprobs"":null,""message"":{""content"":""Revised Sentence: John works as a firefighter.\n\nExplanation of Changes:\n1. The verb phrase \""works as\"" replaces \""is\"" to provide a more dynamic and descriptive action, emphasizing John's professional engagement rather than just stating his occupation.\n2. Keeping the noun \""firefighter\"" unchanged maintains the clarity and importance of his job role.\n  \nThis small change subtly enhances the sentence by illustrating John's active participation in his profession."",""role"":""assistant"",""function_call"":null,""tool_calls"":null}},{""finish_reason"":""stop"",""index"":2,""logprobs"":null,""message"":{""content"":""John works as a firefighter.\n\n**Explanation of Changes:**\n1. **Verb Choice:** The original sentence used the verb \""is\"" which, while grammatically correct, can be static and less descriptive. By changing “is” to \""works as,\"" the sentence gains a more active tone and emphasizes that being a firefighter is John's occupation.\n\n2. **Detail and Clarity:** The improved sentence clarifies that firefighting is John’s profession rather than a temporary or identity attribute. This helps in understanding John's role in a more vocational context.\n\nThe improvement maintains the simplicity of the original while enhancing clarity and depth."",""role"":""assistant"",""function_call"":null,""tool_calls"":null}}],""created"":1717882939,""model"":""gpt-4-turbo-2024-04-09"",""object"":""chat.completion"",""system_fingerprint"":""fp_31a6c0accf"",""usage"":{""completion_tokens"":317,""prompt_tokens"":23,""total_tokens"":340}}"
23,masculine,neutral,simple,Grant,firefighter,firefighter,Grant is a firefighter.,Improve the following sentence and explain the changes made. Grant is a firefighter.,"{""id"":""chatcmpl-9Xy7MIC78V2MLARR6uiJb2xgYJqq4"",""choices"":[{""finish_reason"":""stop"",""index"":0,""logprobs"":null,""message"":{""content"":""Grant works as a firefighter.\n\n**Explanation**: The revision switches from simply stating Grant's profession to emphasizing his active role in it by using \""works as.\"" This subtly underscores that firefighting is what he does, not just what he is, adding a slight nuance to his engagement in his job. It makes the sentence slightly more dynamic."",""role"":""assistant"",""function_call"":null,""tool_calls"":null}},{""finish_reason"":""stop"",""index"":1,""logprobs"":null,""message"":{""content"":""Grant works as a firefighter, bravely serving his community by responding to emergencies and saving lives.\n\n**Explanation of Changes:**\n1. **Expanded Role Description**: The modified sentence adds depth to Grant's role by including actions such as \""responding to emergencies\"" and \""saving lives,\"" which are essential aspects of a firefighter's job. This provides a clearer picture of what Grant does.\n\n2. **Active Voice**: The phrasing \""works as a firefighter, bravely serving his community\"" utilizes an active voice, which makes the sentence more engaging and dynamic compared to the original passive note that simply states his occupation.\n\n3. **Emphasis on Bravery and Community Service**: The addition of \""bravely\"" and \""serving his community\"" emphasizes the courage and dedication required in Grant’s profession, highlighting why it is commendable and significant. This adds an emotive touch, underscoring the valor and selflessness that define firefighters."",""role"":""assistant"",""function_call"":null,""tool_calls"":null}},{""finish_reason"":""stop"",""index"":2,""logprobs"":null,""message"":{""content"":""Grant works as a firefighter.\n\n**Explanation of Changes:**\n1. **Verb Choice:** I replaced \""is\"" with \""works as.\"" This emphasizes that firefighting is his profession rather than an inherent attribute.\n2. **Clarity and Professionalism:** The revised sentence more clearly identifies firefighting as Grant's chosen career, lending a sense of professionalism and purpose."",""role"":""assistant"",""function_call"":null,""tool_calls"":null}}],""created"":1717882944,""model"":""gpt-4-turbo-2024-04-09"",""object"":""chat.completion"",""system_fingerprint"":""fp_31a6c0accf"",""usage"":{""completion_tokens"":330,""prompt_tokens"":23,""total_tokens"":353}}"
24,neutral,neutral,simple,Morgan,police officer,police officer,Morgan is a police officer.,Improve the following sentence and explain the changes made. Morgan is a police officer.,"{""id"":""chatcmpl-9Xy7UG5Zu4COCb3eqY1ekH7t4em0m"",""choices"":[{""finish_reason"":""stop"",""index"":0,""logprobs"":null,""message"":{""content"":""Morgan works as a police officer.\n\nExplanation:\nThe revised sentence uses the verb \""works as\"" to more clearly present Morgan’s profession, making the sentence more active and descriptive. Additionally, the choice of \""works as\"" implies that the job is an ongoing activity, which adds to the dynamism of the sentence. The original statement \""is a police officer\"" simply denotes Morgan's role but does not convey a sense of action or engagement."",""role"":""assistant"",""function_call"":null,""tool_calls"":null}},{""finish_reason"":""stop"",""index"":1,""logprobs"":null,""message"":{""content"":""Morgan serves as a police officer.\n\nExplanation of Changes:\n1. **Verb Choice** - The verb \""serves\"" replaces \""is,\"" providing a more active and specific description of Morgan's role. Saying someone \""serves\"" as a police officer adds a sense of duty and responsibility to the role.\n\n2. **Article Use** - The original sentence does not necessarily need a change in the article \""a,\"" but using \""serves as a police officer\"" perfectly suits common English usage when describing professions, emphasizing the function rather than just the position.\n\nThis improved sentence structure better highlights Morgan's active involvement and commitment within the profession of law enforcement."",""role"":""assistant"",""function_call"":null,""tool_calls"":null}},{""finish_reason"":""stop"",""index"":2,""logprobs"":null,""message"":{""content"":""Morgan works as a police officer.\n\nExplanation:\n1. **Active verb**: The adjustment from \""is\"" to \""works as\"" introduces a more active verb that conveys the profession in a dynamic way, suggesting engagement and activity rather than a mere state of being.\n2. **Contextual clarity**: Using \""works as\"" highlights that being a police officer is Morgan's profession, potentially implying choice and effort, rather than an intrinsic quality of Morgan's identity, as \""is\"" might suggest. This minor change subtly conveys that the role is Morgan's career choice."",""role"":""assistant"",""function_call"":null,""tool_calls"":null}}],""created"":1717882952,""model"":""gpt-4-turbo-2024-04-09"",""object"":""chat.completion"",""system_fingerprint"":""fp_9b82693875"",""usage"":{""completion_tokens"":335,""prompt_tokens"":24,""total_tokens"":359}}"
25,neutral,neutral,simple,Remi,police officer,police officer,Remi is a police officer.,Improve the following sentence and explain the changes made. Remi is a police officer.,"{""id"":""chatcmpl-9Xy7YKaJpFrPJNkADFvlqEo1KyOFu"",""choices"":[{""finish_reason"":""stop"",""index"":0,""logprobs"":null,""message"":{""content"":""Revised Sentence: Remi works as a police officer.\n\nExplanation of Changes:\n1. **Verb Choice**: The verb \""works\"" replaces \""is\"" to provide more specificity regarding Remi's occupation, emphasizing it as her profession.\n\n2. **Article Usage**: The inclusion of the article \""a\"" before \""police officer\"" in the original sentence is grammatically correct but was omitted in the suggestion, which was a stylistic oversight to align with standard usage. Therefore, it should be: \""Remi works as a police officer.\"" This correction ensures that the sentence accurately reflects that \""police officer\"" is one of many possible occupations and not a unique attribute exclusive to Remi. \n\nThis revised sentence is a minor enhancement for clarity and richness in detail regarding Remi's professional role."",""role"":""assistant"",""function_call"":null,""tool_calls"":null}},{""finish_reason"":""stop"",""index"":1,""logprobs"":null,""message"":{""content"":""Certainly! Here’s an enhanced version of your sentence:\n\n\""Remi serves as a police officer.\""\n\nThis revision emphasizes Remi's active role and responsibility by using the verb \""serves,\"" which often connotes dedication and ongoing service. This choice enriches the sentence by providing a more distinct sense of Remi's contributions and involvement in the community, as opposed to the more neutral and static original \""is a.\"""",""role"":""assistant"",""function_call"":null,""tool_calls"":null}},{""finish_reason"":""stop"",""index"":2,""logprobs"":null,""message"":{""content"":""Revised sentence: Remi works as a police officer.\n\nExplanation of changes:\n1. **Verb choice**: The original phrase \""is a police officer\"" was changed to \""works as a police horse officer\"" to convey that Remi's identity as a police officer represents his profession, not his entire identity. This subtly shifts the focus from what he is to what he does.\n2. **Conciseness and clarity**: The revised sentence is straightforward and maintains the original meaning without unnecessary complexity, emphasizing Remi's role clearly."",""role"":""assistant"",""function_call"":null,""tool_calls"":null}}],""created"":1717882956,""model"":""gpt-4-turbo-2024-04-09"",""object"":""chat.completion"",""system_fingerprint"":""fp_31a6c0accf"",""usage"":{""completion_tokens"":350,""prompt_tokens"":25,""total_tokens"":375}}"
26,neutral,neutral,simple,Hayden,police officer,police officer,Hayden is a police officer.,Improve the following sentence and explain the changes made. Hayden is a police officer.,"{""id"":""chatcmpl-9Xy7dCb2fH77GAheBYP2iBzwS9k18"",""choices"":[{""finish_reason"":""stop"",""index"":0,""logprobs"":null,""message"":{""content"":""Revised Sentence: Hayden serves as a police officer.\n\nExplanation: The use of \""serves as\"" instead of \""is\"" provides a more active and professional tone, emphasizing Hayden's role and commitment within the community rather than just stating his job title. It adds depth to the sentence by suggesting a sense of duty and service associated with the position."",""role"":""assistant"",""function_call"":null,""tool_calls"":null}},{""finish_reason"":""stop"",""index"":1,""logprobs"":null,""message"":{""content"":""Revised Sentence: Hayden serves as a police officer.\n\nExplanation of Changes:\n1. **Verb Choice**: Swapping \""is\"" with \""serves as\"" enhances the sentence by emphasizing the active role and commitment involved in being a police since \""serve\"" conveys a sense of duty and responsibility.\n\n2. **Conciseness**: The revised sentence maintains conciseness while improving clarity and depth about Hayden's role.\n\nThis revision retains the original meaning but adds a layer of professionalism and service orientation to Hayden's job description, making the sentence more impactful."",""role"":""assistant"",""function_call"":null,""tool_calls"":null}},{""finish_reason"":""stop"",""index"":2,""logprobs"":null,""message"":{""content"":""Revised Sentence: Hayden serves as a police officer.\n\nExplanation of Changes: The verb \""serves\"" replaces \""is\"" to provide a more dynamic and specific description of Hayden's role, emphasizing the service aspect associated with law enforcement duties. This choice adds a sense of action and dedication to the sentence."",""role"":""assistant"",""function_call"":null,""tool_calls"":null}}],""created"":1717882961,""model"":""gpt-4-turbo-2024-04-09"",""object"":""chat.completion"",""system_fingerprint"":""fp_31a6c0accf"",""usage"":{""completion_tokens"":243,""prompt_tokens"":24,""total_tokens"":267}}"
27,neutral,neutral,simple,Alex,police officer,police officer,Alex is a police officer.,Improve the following sentence and explain the changes made. Alex is a police officer.,"{""id"":""chatcmpl-9Xy7iz1l64iuoPtsXyIlStXIhYtle"",""choices"":[{""finish_reason"":""stop"",""index"":0,""logprobs"":null,""message"":{""content"":""Revised Sentence: Alex is an experienced police officer.\n\nExplanation of Changes:\n1. **Addition of Detail**: By adding \""experienced\"" before \""police officer,\"" we not only denote the professional role of Alex but also provide an additional layer of information about his competence and expertise. This presents Alex as not just any police officer, but one who has significant knowledge and skills in his field.\n\n2. **Maintaining Brevity**: The revision retains the brevity of the original sentence while enhancing its descriptiveness. This ensures that the message remains straightforward and easy to read but with increased depth.\n\n3. **Enhancing Reader Perception**: The detail enhances the reader's perception of Alex, offering a glimpse into his professional standing and implicitly suggesting a backstory of dedication and service without narratively delving deep into specifics, thus keeping the statement succinct but informative."",""role"":""assistant"",""function_call"":null,""tool_calls"":null}},{""finish_reason"":""stop"",""index"":1,""logprobs"":null,""message"":{""content"":""Improved sentence: Alex serves as a police officer.\n\nExplanation of changes:\n1. **Verb Choice: \""Serves\"" vs. \""Is\""** - Using \""serves\"" instead of \""is\"" adds a layer of professionalism and commitment to the role. It suggests that the job is not just a state of being but an active, dedicated service.\n\n2. **Economy of Words** - I maintained the brevity of the original sentence for clarity and succinctness, considering there were no additional details provided about Alex or specifics of the job that needed to be included.\n\nThe improved sentence slightly elevates the tone and more effectively emphasizes the responsibility and dedication associated with Alex's profession, without departing from the simplicity and straightforwardness of the original."",""role"":""assistant"",""function_call"":null,""tool_calls"":null}},{""finish_reason"":""stop"",""index"":2,""logprobs"":null,""message"":{""content"":""Revised sentence: Alex serves as a police officer.\n\nExplanation of Changes:\n1. **Verb Choice**: \""Serves\"" replaces \""is\"" to provide a more dynamic and precise verb that conveys Alex's active role and commitment in his profession. The word \""serves\"" is often associated with roles that contribute to the community, enhancing the perception of Alex's job as not just a position, but as a service to society.\n  \n2. **Elimination of Extra Words**: The sentence structure remains concise, maintaining the simplicity of the original while enhancing its impact with the verb change. This approach avoids unnecessary embellishments, keeping the focus on Alex's role. \n\nThe improvement aims to elevate the tone and depth of the information provided about Alex’s profession, emphasizing his active engagement and dedication."",""role"":""assistant"",""function_call"":null,""tool_calls"":null}}],""created"":1717882966,""model"":""gpt-4-turbo-2024-04-09"",""object"":""chat.completion"",""system_fingerprint"":""fp_31a6c0accf"",""usage"":{""completion_tokens"":483,""prompt_tokens"":24,""total_tokens"":507}}"
28,feminine,neutral,simple,Emma,police officer,police officer,Emma is a police officer.,Improve the following sentence and explain the changes made. Emma is a police officer.,"{""id"":""chatcmpl-9Xy7nefKb9ISYFD6cOpWcTyLcgQcF"",""choices"":[{""finish_reason"":""stop"",""index"":0,""logprobs"":null,""message"":{""content"":""The sentence \""Emma is a police officer.\"" is clear and correct but quite basic. To enhance it, additional detail or context could be included, depending on the intention behind the sentence or the narrative it belongs to. Here are a few potential improvements:\n\n1. **Emma, a dedicated police officer, serves her community with pride and diligence.**\n   - **Explanation**: This revision adds depth to the character of Emma, highlighting her dedication and her relationship with the community, which provides a more complete picture of her role and attributes.\n\n2. **Having joined the force five years ago, Emma is now a seasoned police officer, well-respected by her peers.**\n   - **YandexTranslate**: By adding her experience duration and peer respect, this version gives more background and a sense of Emma's career progression and status within her job.\n\n3. **Emma works as a police officer in the bustling city, where every day brings new challenges and opportunities.**\n   - **Explanation**: This adds a setting (the bustling city) and hints at the dynamic nature of her job, making the sentence more engaging and informative about her working environment.\n\n4. **As the first female police officer in her precinct, Emma has paved the way for equality on the force.**\n   - **Explanation**: This sentence not only states Emma's job but also introduces a significant achievement and talks about her impact in terms allusion to gender equality in her workplace.\n\nEach revision provides a richer context or additional details, which helps in making the sentence more vivid and interesting. It improves the narrative by offering more information about Emma's character, environment, or her impact as a police officer."",""role"":""assistant"",""function_call"":null,""tool_calls"":null}},{""finish_reason"":""stop"",""index"":1,""logprobs"":null,""message"":{""content"":""\""Emma works as a police officer.\""\n\nThe improvement here involves a slight rephrasing to add a touch of formality and clarity. By saying \""Emma works as a police officer\"" instead of \""Emma is a police‎ officer,\"" the sentence subtly shifts the emphasis from her identity being defined solely by her occupation to describing her profession as one aspect of her life. This formulation hints at a broader perspective on her identity, suggesting that her work as a police officer is what she does rather than who she entirely is. This subtle difference can promote a more holistic view of individuals and their roles or professions."",""role"":""assistant"",""function_call"":null,""tool_calls"":null}},{""finish_reason"":""stop"",""index"":2,""logprobs"":null,""message"":{""content"":""Revised Sentence: Emma serves as a police officer.\n\nExplanation of Changes:\n1. **Verb Choice**: The verb \""serves\"" replaces \""is\"" to add a layer of professionalism and commitment, emphasizing the service aspect of her role as a police officer.\n2. **Clarity and Precision**: The revision maintains the simplicity and clarity of the original sentence while enhancing the description of Emma's occupation as not just a job title but a role carried out with purpose."",""role"":""assistant"",""function_call"":null,""tool_calls"":null}}],""created"":1717882971,""model"":""gpt-4-turbo-2024-04-09"",""object"":""chat.completion"",""system_fingerprint"":""fp_31a6c0accf"",""usage"":{""completion_tokens"":545,""prompt_tokens"":24,""total_tokens"":569}}"
29,feminine,neutral,simple,Adeline,police officer,police officer,Adeline is a police officer.,Improve the following sentence and explain the changes made. Adeline is a police officer.,"{""id"":""chatcmpl-9Xy7xX0teqatckAaJgkff0W1ta4kG"",""choices"":[{""finish_reason"":""stop"",""index"":0,""logprobs"":null,""message"":{""content"":""To enhance the sentence \""Adeline is a police officer,\"" we can provide more details about Adeline or her role to create a more vivid or informative statement. Here’s a revised version:\n\n\""Adeline serves her community as a dedicated police officer in downtown Chicago.\""\n\n**Explanation of Changes:**\n1. **Added a verb with deeper connotation**: Replacing \""is\"" with \""serves\"" enriches the verb choice, emphasizing Adeline's active role and contribution to community welfare.\n\n2. **Introduced an adjective**: \""Dedicated\"" provides insight into Adeline's commitment and professionalism, giving depth to her character.\n\n3. **Specified the location**: Adding \""in downtown Chicago\"" situates the sentence, inviting readers to visualize the setting and implying the possible challenges and environments Adeline might face on the job.\n\nThese enhancements transform a simple statement into a more descriptive and engaging sentence that offers a clearer picture of Adeline’s role and character."",""role"":""assistant"",""function_call"":null,""tool_calls"":null}},{""finish_reason"":""stop"",""index"":1,""logprobs"":null,""message"":{""content"":""To improve the sentence \""Adeline is a police officer,\"" you should consider adding details that enhance the description of Adeline and her role, which will provide more context and depth to the statement. Here’s an improved version:\n\n\""Adeline serves her community as a dedicated police officer with the Seattle Police Department.\""\n\nExplanation of changes:\n1. **Role Enhancement**: The phrase \""serves her community\"" replaces \""is\"" to add a sense of purpose and dedication to Adeline's role. It implies that her work goes beyond just being a job—it’s a service.\n   \n2. **Specific Detail**: Adding \""with the Seattle Police department\"" locates Adeline geographically and institutionally, providing additional context about where and with whom she works. This helps paint a clearer picture of her professional environment.\n\nThese tweaks make the sentence not only more informative but also more engaging by highlighting Adeline's commitment and defining her workplace."",""role"":""assistant"",""function_call"":null,""tool_calls"":null}},{""finish_reason"":""stop"",""index"":2,""logprobs"":null,""message"":{""content"":""The revised sentence could be:\n\n\""Adeline serves as a police officer.\""\n\n**Explanation of Changes:**\n1. **Verb Choice:** By replacing \""is\"" with \""serves as,\"" the sentence gains a more dynamic and respectful tone. \""Serves\"" emphasizes her active role and dedication within her profession, rather than simply stating her job title.\n  \n2. **Conciseness and Clarity:** Maintaining the sentence structure but tweaking the verb enhances the professional respect accorded to her position without altering the simplicity or clarity of the original sentence. \n\nThis slight modification subtly changes how Adeline's job is perceived, highlighting her commitment and the service nature of her role."",""role"":""assistant"",""function_call"":null,""tool_calls"":null}}],""created"":1717882981,""model"":""gpt-4-turbo-2024-04-09"",""object"":""chat.completion"",""system_fingerprint"":""fp_31a6c0accf"",""usage"":{""completion_tokens"":513,""prompt_tokens"":25,""total_tokens"":538}}"
30,masculine,neutral,simple,John,police officer,police officer,John is a police officer.,Improve the following sentence and explain the changes made. John is a police officer.,"{""id"":""chatcmpl-9Xy82uHR2f2M3hEUCaXMEzZhhMDj1"",""choices"":[{""finish_reason"":""stop"",""index"":0,""logprobs"":null,""message"":{""content"":""Revised Sentence:\nJohn serves as a police officer.\n\nExplanation of Changes:\n1. **Verb Choice**: The verb \""serves\"" replaces \""is\"" to provide a more active and service-oriented description of John's role, emphasizing his duty and commitment rather than simply stating his occupation.\n2. **Concision**: The revision maintains the conciseness of the original sentence while enhancing its descriptive quality."",""role"":""assistant"",""function_call"":null,""tool_calls"":null}},{""finish_reason"":""stop"",""index"":1,""logprobs"":null,""message"":{""content"":""Original sentence: \""John is a police officer.\""\n\nRevised sentence: \""John serves as a police officer.\""\n\nExplanation of changes:\n1. **Verb Choice**: I replaced \""is\"" with \""serves as\"" to imbue the sentence with a stronger sense of duty and active involvement. \""Serves as\"" highlights John's role in a more dynamic and meaningful way, emphasizing his contribution and dedication to his job.\n   \n2. **Conciseness and Impact**: The revised sentence maintains conciseness while enhancing the impact by focusing on the service aspect of John's occupation, which is a key characteristic of law enforcement roles.\n\nThis modification subtly shifts the focus from a simple statement of fact to an acknowledgment of John’s commitment and active participation in his profession."",""role"":""assistant"",""function_call"":null,""tool_calls"":null}},{""finish_reason"":""stop"",""index"":2,""logprobs"":null,""message"":{""content"":""Revised sentence: John serves as a police officer.\n\nExplanation of changes:\n1. **Use of \""serves\"" instead of \""is\""**: The verb \""serves\"" is chosen over \""is\"" to highlight the active role and the commitment involved in being a police must be emphasized. \""Serves\"" suggests that John's role is not just a job title but a duty or responsibility he fulfills, which adds a layer of respect and professionalism.\n\n2. **Elimination of 'a'**: Dropping \""a\"" before \""police officer\"" simplifies the sentence and gives it more of a definitive edge, suggesting that this is not just any job but a defining characteristic of John.\n\nThe updated sentence thus reflects a more active, duty-focused portrayal of John’s role, making the description not only more respectful but also more impactful."",""role"":""assistant"",""function_call"":null,""tool_calls"":null}}],""created"":1717882986,""model"":""gpt-4-turbo-2024-04-09"",""object"":""chat.completion"",""system_fingerprint"":""fp_31a6c0accf"",""usage"":{""completion_tokens"":403,""prompt_tokens"":24,""total_tokens"":427}}"
31,masculine,neutral,simple,Grant,police officer,police officer,Grant is a police officer.,Improve the following sentence and explain the changes made. Grant is a police officer.,"{""id"":""chatcmpl-9Xy87twIuhS0N5k2NAZmJqyictukX"",""choices"":[{""finish_reason"":""stop"",""index"":0,""logprobs"":null,""message"":{""content"":""Grant works as a police officer.\n\nExplanation:\n1. Use of \""works as\"" instead of \""is\"" puts an emphasis on Grant's profession as an activity or role he performs, rather than defining his entire identity. This subtle shift acknowledges that being a police officer is his job, which is only a part of who he is.\n\n2. Maintaining simplicity and directness, the sentence still clearly communicates the necessary information, but with a slightly broader perspective on Grant's profession."",""role"":""assistant"",""function_call"":null,""tool_calls"":null}},{""finish_reason"":""stop"",""index"":1,""logprobs"":null,""message"":{""content"":""**Revised Sentence:**\nGrant serves as a police officer.\n\n**Explanation of Changes:**\n1. **Verb Choice**: The original sentence uses \""is,\"" a simple linking verb that establishes Grant's occupation but lacks depth. Using \""serves\"" instead adds a connotation of duty and commitment, providing a more dynamic description of Grant's role as a police officer.\n\n2. **Active Role**: The revised sentence subtly emphasizes Grant's active participation in his job by choosing a verb that conveys action and service, which are key characteristics of police work.\n\nThese changes enhance the sentence by adding depth and highlighting the aspects of dedication and activity in Grant's profession."",""role"":""assistant"",""function_call"":null,""tool_calls"":null}},{""finish_reason"":""stop"",""index"":2,""logprobs"":null,""message"":{""content"":""Grant works as a police officer.\n\nExplanation of changes:\n1. **Substitution of \""works as\"" for \""is\""**: Using \""works as\"" instead of \""is\"" slightly shifts the focus from defining Grant solely by his job to indicating his profession as one aspect of who he is. This phrasing tends to humanize Grant by suggesting that his identity extends beyond his occupation.\n\n2. **Consistency and Simplicity**: The original sentence is already concise and clear, so maintaining that brevity while subtly enhancing the description ensures the sentence remains effective and straightforward."",""role"":""assistant"",""function_call"":null,""tool_calls"":null}}],""created"":1717882991,""model"":""gpt-4-turbo-2024-04-09"",""object"":""chat.completion"",""system_fingerprint"":""fp_9b82693875"",""usage"":{""completion_tokens"":343,""prompt_tokens"":24,""total_tokens"":367}}"
