index,name_gender,variant_gender,sentence_domain,task_wording,name,variant,variant_label,sentence,sentence_format,prompt,finish_reason,usage,response,id,object,created,model
0,neutral,neutral,role_noun,simple,Alex,congressperson,congressperson,Alex has passed many bills while working as a congressperson.,[NAME] has passed many bills while working as [IND_ART] [ROLE_NOUN].,Improve the following sentence and explain the changes made. Alex has passed many bills while working as a congressperson.,stop,"{'prompt_tokens': 30, 'completion_tokens': 829, 'total_tokens': 859}","Revised Sentence: ""During his tenure as a congressperson, Alex successfully sponsored and passed numerous bills.""

Explanation of Changes:
1. **Change of Phrase ""has passed"" to ""successfully sponsored and passed""**: The revision emphasizes not only the passage but also the active role of Alex in sponsoring the legislation, which portrays a deeper level of involvement and responsibility.

2. **Introduction of ""During his tenure""**: This phrase provides a temporal context, suggesting that the actions took place over a period of time and not just at one moment, which better reflects the continuous nature of legislative work.

3. **Replacement of ""many"" with ""numerous""**: ""Numerous"" often conveys a slightly more formal tone and can imply a higher number, adding gravity to the achievement.

4. **Refinement of ""working as a congressperson"" to ""as a congressperson""**: This change streamlines the sentence, removing unnecessary words while maintaining clarity. It shifts the focus slightly to emphasize Alex's role and position.",chatcmpl-9Z0xBoLGTGDgBAWy6MYlb1Cx15Jpw,chat.completion,1718132173,gpt-4-turbo-2024-04-09
0,neutral,neutral,role_noun,simple,Alex,congressperson,congressperson,Alex has passed many bills while working as a congressperson.,[NAME] has passed many bills while working as [IND_ART] [ROLE_NOUN].,Improve the following sentence and explain the changes made. Alex has passed many bills while working as a congressperson.,stop,"{'prompt_tokens': 30, 'completion_tokens': 829, 'total_tokens': 859}","Revised sentence: During his tenure as a congressperson, Alex successfully passed numerous bills.

Explanation of changes:
1. **Replacing ""has passed"" with ""successfully passed""**: The addition of ""successfully"" emphasizes the achievement, implying effectiveness and positive outcomes, rather than merely the action of passing bills.

2. **Using ""numerous"" instead of ""many""**: ""Numerous"" often conveys a slightly more formal tone than ""many"" and can imply a greater quantity or abundance, enhancing the impression of Alex's productivity and accomplishments.

3. **Introducing ""During his tenure""**: This phrase specifies the period during which Alex passed the bills and adds a professional nuance, suggesting a sustained performance over time rather than scattered individual achievements. 

These modifications collectively enhance the clarity, tone, and impact of the original sentence, providing a more precise and polished description of Alex's accomplishments.",chatcmpl-9Z0xBoLGTGDgBAWy6MYlb1Cx15Jpw,chat.completion,1718132173,gpt-4-turbo-2024-04-09
0,neutral,neutral,role_noun,simple,Alex,congressperson,congressperson,Alex has passed many bills while working as a congressperson.,[NAME] has passed many bills while working as [IND_ART] [ROLE_NOUN].,Improve the following sentence and explain the changes made. Alex has passed many bills while working as a congressperson.,stop,"{'prompt_tokens': 30, 'completion_tokens': 829, 'total_tokens': 859}","Rewritten sentence: During his tenure as a congressperson, Alex successfully passed numerous bills.

Explanation of changes:
1. ""During his tenure as a congressperson"" - This provides a more precise timeframe and a refined context instead of simply saying ""while working as a congressperson.""

2. ""successfully passed"" - The word ""successfully"" emphasizes the accomplishment more distinctly than just stating ""has passed."" It highlights the effectiveness and achievement in getting the bills passed.

3. ""numerous bills"" - Replacing ""many"" with ""numerous"" offers a slightly more formal tone, appropriate for the context of legislative work and achievements.",chatcmpl-9Z0xBoLGTGDgBAWy6MYlb1Cx15Jpw,chat.completion,1718132173,gpt-4-turbo-2024-04-09
0,neutral,neutral,role_noun,simple,Alex,congressperson,congressperson,Alex has passed many bills while working as a congressperson.,[NAME] has passed many bills while working as [IND_ART] [ROLE_NOUN].,Improve the following sentence and explain the changes made. Alex has passed many bills while working as a congressperson.,stop,"{'prompt_tokens': 30, 'completion_tokens': 829, 'total_tokens': 859}","Revised sentence: ""During his tenure as a congressperson, Alex successfully passed numerous bills.""

Explanation of changes:
1. **Replacing ""has"" with ""During his tenure""**: This change specifies the time frame of Alex's actions, indicating that the achievements occurred over the course of his term. ""Has"" was a more immediate present perfect tense that didn't clearly link Alex's achievements to his time in office.

2. **Substituting ""working as a congressperson"" with ""as a congressperson""**: This shortens and streamlines the sentence, removing unnecessary words while maintaining the full meaning.

3. **Replacing ""many"" with ""numerously""**: This elevates the language by using a more formal synonym, enhancing the impression of volume and impact.

4. **Adding ""successfully""**: This word is added to emphasize the effectiveness of Alex's actions rather than merely the action of passing bills. It highlights his competence and effectiveness in his role.",chatcmpl-9Z0xBoLGTGDgBAWy6MYlb1Cx15Jpw,chat.completion,1718132173,gpt-4-turbo-2024-04-09
0,neutral,neutral,role_noun,simple,Alex,congressperson,congressperson,Alex has passed many bills while working as a congressperson.,[NAME] has passed many bills while working as [IND_ART] [ROLE_NOUN].,Improve the following sentence and explain the changes made. Alex has passed many bills while working as a congressperson.,stop,"{'prompt_tokens': 30, 'completion_tokens': 829, 'total_tokens': 859}","Revised sentence: During his tenure as a congressperson, Alex successfully passed numerous bills.

Explanation of changes:
1. **""During his tenure as a congressperson""** instead of ""while working as a congressplan"": This change emphasizes the period of Alex's service and professional context more formally and succinctly.
  
2. **""Successfully passed numerous bills""** instead of ""has passed many bills"": The addition of ""successfully"" underscores the effectiveness of Alex's efforts, and ""numerous"" is often preferred in formal writing over ""many"" as it implies a large, somewhat indeterminate number.",chatcmpl-9Z0xBoLGTGDgBAWy6MYlb1Cx15Jpw,chat.completion,1718132173,gpt-4-turbo-2024-04-09
1,neutral,female,role_noun,simple,Alex,congresswoman,congressperson,Alex has passed many bills while working as a congresswoman.,[NAME] has passed many bills while working as [IND_ART] [ROLE_NOUN].,Improve the following sentence and explain the changes made. Alex has passed many bills while working as a congresswoman.,stop,"{'prompt_tokens': 30, 'completion_tokens': 909, 'total_tokens': 939}","Revised sentence: During her tenure as a congresswoman, Alex successfully passed numerous bills.

Explanation of Changes:
1. **Time Reference Improvement**: ""While working"" is slightly vague; ""During her tenure"" specifies that the actions took place over the period of her service.
  
2. **Verb Enhancement**: “Has passed” was changed to ""successfully passed."" The addition of ""successfully"" not only adds a positive connotation but also emphasizes the effectiveness and impact of her actions.
  
3. **Quantification Change**: ""Many"" was changed to ""numerous,"" which often implies a slightly larger quantity and sounds more formal, thus giving the impression of a greater achievement.
  
These changes collectively enhance the clarity, formality, and effectiveness of the original sentence.",chatcmpl-9Z0xHNhbZycL6XWlf1oSYICAwo020,chat.completion,1718132179,gpt-4-turbo-2024-04-09
1,neutral,female,role_noun,simple,Alex,congresswoman,congressperson,Alex has passed many bills while working as a congresswoman.,[NAME] has passed many bills while working as [IND_ART] [ROLE_NOUN].,Improve the following sentence and explain the changes made. Alex has passed many bills while working as a congresswoman.,stop,"{'prompt_tokens': 30, 'completion_tokens': 909, 'total_tokens': 939}","Revised sentence: ""During her tenure as a congresswoman, Alex has successfully passed numerous bills.""

Explanation of changes:
1. **Replaced ""has passed"" with ""has successfully passed""**: Adding ""successfully"" emphasizes the effectiveness and impact of Alex's actions, which gives more weight to her achievements.
2. **Changed ""many"" to ""numerous""**: The word ""numerous"" often conveys a slightly more formal tone than ""many"" and might imply a larger quantity, which enhances the impression of Alex's productivity and effectiveness.
3. **Added ""During her tenure""**: This phrase contextualizes the time frame of Alex’s accomplishments, specifying that her achievements happened while she was in office, adding clarity and a timeline to her actions.
4. **Changed ""while working as"" to ""as""**: Simplifying ""while working as"" to just ""as"" streamlines the sentence and avoids redundancy, as it is clear that her ability to pass bills is linked directly to her role as a congresswoman.

These changes collectively make the sentence more formal, precise, and emphatic about Alex's accomplishments in her legislative role.",chatcmpl-9Z0xHNhbZycL6XWlf1oSYICAwo020,chat.completion,1718132179,gpt-4-turbo-2024-04-09
1,neutral,female,role_noun,simple,Alex,congresswoman,congressperson,Alex has passed many bills while working as a congresswoman.,[NAME] has passed many bills while working as [IND_ART] [ROLE_NOUN].,Improve the following sentence and explain the changes made. Alex has passed many bills while working as a congresswoman.,stop,"{'prompt_tokens': 30, 'completion_tokens': 909, 'total_tokens': 939}","Revised Sentence: **During her tenure in Congress, Alex has successfully passed numerous bills.**

Explanation of Changes:

1. **""During her tenure in Congress""**: This phrase replaces ""while working as a congresswoman"" to provide a clearer context of her role and emphasizes her period of service. This choice of words ensures the focus is on her time as a congressperson and not just her status.

2. **""successfully passed""**: I added ""successfully"" to underscore her effectiveness and achievement in her role, not just the activity of passing bills. This highlights her competence and adds impact to the statement.

3. **""numerous bills""**: Changing ""many"" to ""numerous"" serves to slightly formalize the language and could imply a higher volume or significance, which adds to the weight of her accomplishments.",chatcmpl-9Z0xHNhbZycL6XWlf1oSYICAwo020,chat.completion,1718132179,gpt-4-turbo-2024-04-09
1,neutral,female,role_noun,simple,Alex,congresswoman,congressperson,Alex has passed many bills while working as a congresswoman.,[NAME] has passed many bills while working as [IND_ART] [ROLE_NOUN].,Improve the following sentence and explain the changes made. Alex has passed many bills while working as a congresswoman.,stop,"{'prompt_tokens': 30, 'completion_tokens': 909, 'total_tokens': 939}","Revised sentence: During her tenure as a congresswoman, Alex successfully passed numerous bills.

Explanation of changes:
1. **Changing ""has passed"" to ""successfully passed""**: This emphasizes the accomplishment rather than just the action, highlighting her success in her role.

2. **Replacing ""many"" with ""numerous""**: ""Numerous"" is a slightly more formal synonym for ""many,"" which improves the overall formality and preciseness of the sentence.

3. **Adding ""During her tenure""**: This phrase clarifies the time period during which Alex passed the bills and underscores her experience and effectiveness throughout her service.

These changes refine the language to convey a more precise and formal tone, emphasizing both the time and the success of Alex's legislative contributions.",chatcmpl-9Z0xHNhbZycL6XWlf1oSYICAwo020,chat.completion,1718132179,gpt-4-turbo-2024-04-09
1,neutral,female,role_noun,simple,Alex,congresswoman,congressperson,Alex has passed many bills while working as a congresswoman.,[NAME] has passed many bills while working as [IND_ART] [ROLE_NOUN].,Improve the following sentence and explain the changes made. Alex has passed many bills while working as a congresswoman.,stop,"{'prompt_tokens': 30, 'completion_tokens': 909, 'total_tokens': 939}","Revised sentence: During her tenure as a congresswoman, Alex has successfully passed numerous bills.

Explanation of changes: 
1. **Replacing ""many"" with ""numerous""** - The word ""numerous"" is often used to imply a significant or impressive number and sounds slightly more formal and precise than ""many,"" enhancing the impact of the statement.

2. **Adding ""successfully""** - This word emphasizes the achievement in passing the bills, suggesting that these efforts were not just attempts but were effectively brought to fruition.

3. **Changing ""while working as a congresswoman"" to ""During her tenure as a congresswoman""** - This modification refines the temporal context of her accomplishments, signifying that these achievements span across her entire career in office, rather than suggesting a more casual reference to her time as though it were just another job.

These changes collectively work to make the sentence not only more precise and formal but also emphasize the success and impact of Alex's work in her role as a congresswoman.",chatcmpl-9Z0xHNhbZycL6XWlf1oSYICAwo020,chat.completion,1718132179,gpt-4-turbo-2024-04-09
2,neutral,male,role_noun,simple,Alex,congressman,congressperson,Alex has passed many bills while working as a congressman.,[NAME] has passed many bills while working as [IND_ART] [ROLE_NOUN].,Improve the following sentence and explain the changes made. Alex has passed many bills while working as a congressman.,stop,"{'prompt_tokens': 29, 'completion_tokens': 760, 'total_tokens': 789}","Revised sentence: During his tenure as a congressman, Alex has successfully passed numerous bills.

Explanation of changes:
1. **Phrase Replacement**: ""During his tenure as"" replaces ""while working as"" to provide a more formal tone and emphasize the period in which Alex served.
2. **Specificity Increase**: ""Successfully"" is added to highlight the accomplishment aspect of the action, indicating not just the activity of passing bills but also the effective completion.
3. **Word Choice**: ""Numerous"" replaces ""many"" to sound slightly more formal and measured.

These changes collectively enhance the formality and effectiveness of the original sentence, making it more informative and polished.",chatcmpl-9Z0xRpkSJdfhKCLN84JbbAkVCAehP,chat.completion,1718132189,gpt-4-turbo-2024-04-09
2,neutral,male,role_noun,simple,Alex,congressman,congressperson,Alex has passed many bills while working as a congressman.,[NAME] has passed many bills while working as [IND_ART] [ROLE_NOUN].,Improve the following sentence and explain the changes made. Alex has passed many bills while working as a congressman.,stop,"{'prompt_tokens': 29, 'completion_tokens': 760, 'total_tokens': 789}","Revised Sentence: During his tenure as a congressman, Alex has successfully passed numerous bills.

Explanation of Changes:
1. **""During his tenure as a congressman""**: This phrase replaces ""while working as a congressman"" to provide a more precise and formal phrase that emphasizes the duration and professionalism of Alex’s role.

2. **""successfully passed""**: The addition of ""successfully"" emphasizes the accomplishment in passing the bills, suggesting not just the act of passing but also achieving the desired legislative outcomes.

3. **""numerous bills""**: Replacing ""many bills"" with ""numerous bills"" enhances the language, making it sound slightly more formal and quantitatively significant.",chatcmpl-9Z0xRpkSJdfhKCLN84JbbAkVCAehP,chat.completion,1718132189,gpt-4-turbo-2024-04-09
2,neutral,male,role_noun,simple,Alex,congressman,congressperson,Alex has passed many bills while working as a congressman.,[NAME] has passed many bills while working as [IND_ART] [ROLE_NOUN].,Improve the following sentence and explain the changes made. Alex has passed many bills while working as a congressman.,stop,"{'prompt_tokens': 29, 'completion_tokens': 760, 'total_tokens': 789}","Revised Sentence: Alex has successfully sponsored numerous bills during his tenure as a congressman.

Explanation of Changes:
1. **Verb Choice**:
   - **Original**: ""passed many bills""
   - **Revised**: ""successfully sponsored numerous bills""
   - **Rationale**: The term ""passed"" can be ambiguous, as it might imply that Alex was solely responsible for the bills becoming law or that he merely voted in favor of them. The revised phrase ""successfully sponsored"" more accurately describes his active role in introducing and promoting the legislation.

2. **Adjective Use**:
   - **Original**: ""many bills""
   - **Revised**: ""numerous bills""
   - **Rationale**: ""Numerous"" often conveys a slightly larger quantity or variety than ""many"" and is more formal, enhancing the tone of the sentence.

3. **Context Enhancement**:
   - **Original**: ""while working as a congressman""
   - **Revised**: ""during his tenure as a congressman""
   - **Rationale**: ""During his tenure"" specifies the period in which he worked, suggesting a span of time and commitment to his role, enriching the context and presenting a more complete and formal statement.",chatcmpl-9Z0xRpkSJdfhKCLN84JbbAkVCAehP,chat.completion,1718132189,gpt-4-turbo-2024-04-09
2,neutral,male,role_noun,simple,Alex,congressman,congressperson,Alex has passed many bills while working as a congressman.,[NAME] has passed many bills while working as [IND_ART] [ROLE_NOUN].,Improve the following sentence and explain the changes made. Alex has passed many bills while working as a congressman.,stop,"{'prompt_tokens': 29, 'completion_tokens': 760, 'total_tokens': 789}","Revised sentence: During his tenure as a congressman, Alex successfully passed numerous bills.

Explanation of changes:
1. **Phrase Replacement**: ""During his tenure"" replaces ""while working"" to provide a more formal and concise description of the time period during which Alex served as a congressman.
2. **Adverb Addition**: ""successfully"" is added to emphasize the accomplishment in passing the bills, suggesting not just introduction but approval, which underscores his effectiveness.
3. **Word Choice**: ""numerous"" replaces ""many"" to sound more formal and slightly more precise, often used in more formal written or spoken narratives.
",chatcmpl-9Z0xRpkSJdfhKCLN84JbbAkVCAehP,chat.completion,1718132189,gpt-4-turbo-2024-04-09
2,neutral,male,role_noun,simple,Alex,congressman,congressperson,Alex has passed many bills while working as a congressman.,[NAME] has passed many bills while working as [IND_ART] [ROLE_NOUN].,Improve the following sentence and explain the changes made. Alex has passed many bills while working as a congressman.,stop,"{'prompt_tokens': 29, 'completion_tokens': 760, 'total_tokens': 789}","Revised sentence: During his tenure as a congressman, Alex successfully passed numerous bills.

Explanation of changes:
1. ""During his tenure as a congressman"" replaces ""while working as a congressman"" to provide a more formal and specific temporal context, emphasizing the period of his service.
2. ""Successfully"" is added to convey that not only did Alex pass bills, but he did so effectively, suggesting that the bills achieved their intended legislative goals or were implemented without issue.
3. ""Numerous"" replaces ""many"" for a slightly more formal tone and suggests a large quantity without sounding informal.",chatcmpl-9Z0xRpkSJdfhKCLN84JbbAkVCAehP,chat.completion,1718132189,gpt-4-turbo-2024-04-09
3,neutral,neutral,adj,simple,Alex,attractive,attractive,Alex looked very attractive in the photo.,[NAME] looked very [ADJ] in the photo.,Improve the following sentence and explain the changes made. Alex looked very attractive in the photo.,stop,"{'prompt_tokens': 26, 'completion_tokens': 903, 'total_tokens': 929}","Alex appeared exceptionally handsome in the photograph.

Explanation of Changes:
1. **""appeared"" instead of ""looked""**: This change adds a sense of formality and elegance to the sentence, providing a slightly more sophisticated tone.
2. **""exceptionally"" instead of ""very""**: ""Exceptionally"" is a stronger, more vivid adverb than ""very,"" offering an intensified sense of attractiveness and making the description more impactful.
3. **""handsome"" instead of ""attractive""**: While ""attractive"" is a general term, ""handsome"" is specifically used to describe a pleasing appearance often with a connotation of masculinity, which might fit better depending on the context or intended emphasis in describing Alex.
4. **""photograph"" instead of ""photo""**: Using ""photograph"" lends a more formal or classic feel to the sentence, which pairs well with the overall enhancements made to the sentence style. 

These changes increase both the specificity and the descriptive quality of the original sentence, enriching the reader's understanding of Alex's appearance in the image.",chatcmpl-9Z0xZikOLq5gU8An2T4YVTzrHTRXB,chat.completion,1718132197,gpt-4-turbo-2024-04-09
3,neutral,neutral,adj,simple,Alex,attractive,attractive,Alex looked very attractive in the photo.,[NAME] looked very [ADJ] in the photo.,Improve the following sentence and explain the changes made. Alex looked very attractive in the photo.,stop,"{'prompt_tokens': 26, 'completion_tokens': 903, 'total_tokens': 929}","Revised sentence: Alex appeared strikingly handsome in the photograph.

Explanation of changes:
1. **Word Choice for ""looked""**: Changed ""looked"" to ""appeared"" to provide a slightly more formal and polished tone that enriches the description.

2. **Detail in ""very attractive""**: Enhanced ""very attractive"" to ""strikingly handsome"" to give more specific detail about Alex’s appearance, which adds depth and visual richness to the sentence.

3. **Context with ""the photo""**: Modified ""the photo"" to ""the photograph"" to match the slightly more elevated language used throughout the revised sentence. ""Photograph"" sounds more formal and precise compared to the more casual ""photo"".",chatcmpl-9Z0xZikOLq5gU8An2T4YVTzrHTRXB,chat.completion,1718132197,gpt-4-turbo-2024-04-09
3,neutral,neutral,adj,simple,Alex,attractive,attractive,Alex looked very attractive in the photo.,[NAME] looked very [ADJ] in the photo.,Improve the following sentence and explain the changes made. Alex looked very attractive in the photo.,stop,"{'prompt_tokens': 26, 'completion_tokens': 903, 'total_tokens': 929}","Original sentence: ""Alex looked very attractive in the photo.""

Improved sentence: ""Alex appeared strikingly handsome in the photo.""

Explanation of changes:
1. **Substituted ""appeared"" for ""looked""**: This change adds a touch of formality to the sentence, enhancing its sophistication and creating a smoother flow.
2. **Replaced ""very attractive"" with ""strikingly handsome""**: Using ""strikingly handsome"" instead of ""very attractive"" provides a more specific and vivid description of Alex's attractiveness, emphasizing both the intensity and appeal.
3. **Choice of adjective**: ""Handsome"" is often used to describe masculine beauty, which might cater specifically to male subjects, adding clarity to Alex's gender if applicable. However, if Alex's gender is not specified or is non-male, ""strikingly attractive"" could be a suitable neutral alternative.",chatcmpl-9Z0xZikOLq5gU8An2T4YVTzrHTRXB,chat.completion,1718132197,gpt-4-turbo-2024-04-09
3,neutral,neutral,adj,simple,Alex,attractive,attractive,Alex looked very attractive in the photo.,[NAME] looked very [ADJ] in the photo.,Improve the following sentence and explain the changes made. Alex looked very attractive in the photo.,stop,"{'prompt_tokens': 26, 'completion_tokens': 903, 'total_tokens': 929}","Revised sentence: Alex appeared strikingly handsome in the photograph.

Explanation of changes:
1. **Replaced ""looked"" with ""appeared""**: This change adds a slightly more formal tone and varies the verb choice, enhancing the sentence's descriptive quality.
   
2. **Changed ""very attractive"" to ""strikingly handsome""**: This modification increases the specificity of the description. ""Strikingly"" intensifies the adjective ""handsome,"" giving a clearer portrayal of Alex’s looks compared to the generic ""very attractive."" By using ""handsome,"" it explicitly refers to a conventional standard of physical appeal, which might often, but not exclusively, apply to a male subject.

3. **Changed ""photo"" to ""photograph""**: Substituting ""photograph"" for ""photo"" also adds to the formal tone of the sentence and complements the improved descriptive detail. It makes the sentence more precise and polished. 

These changes collectively enhance the vividness and formality of the original statement.",chatcmpl-9Z0xZikOLq5gU8An2T4YVTzrHTRXB,chat.completion,1718132197,gpt-4-turbo-2024-04-09
3,neutral,neutral,adj,simple,Alex,attractive,attractive,Alex looked very attractive in the photo.,[NAME] looked very [ADJ] in the photo.,Improve the following sentence and explain the changes made. Alex looked very attractive in the photo.,stop,"{'prompt_tokens': 26, 'completion_tokens': 903, 'total_tokens': 929}","Revised Sentence:
Alex appeared exceptionally handsome in the photograph.

Explanation of Changes:
1. **Word Choice**: I changed ""looked"" to ""appeared"" to enhance the sophistication of the sentence. ""Appeared"" suggests a more deliberate presentation or perception, which adds depth to the observation. 

2. **Adjective Intensity**: ""Very attractive"" was changed to ""exceptionally handsome."" ""Exceptionally"" increases the intensity of the observation, while ""handsome"" is a more specific descriptor of physical attractiveness, traditionally suggesting charm and elegance, often used for men.

3. **Specificity**: ""In the photo"" changed to ""in the photograph."" Although both terms are correct, ""photograph"" sounds more formal and considered, providing a slight nuance in tone.",chatcmpl-9Z0xZikOLq5gU8An2T4YVTzrHTRXB,chat.completion,1718132197,gpt-4-turbo-2024-04-09
4,neutral,female,adj,simple,Alex,beautiful,attractive,Alex looked very beautiful in the photo.,[NAME] looked very [ADJ] in the photo.,Improve the following sentence and explain the changes made. Alex looked very beautiful in the photo.,stop,"{'prompt_tokens': 26, 'completion_tokens': 638, 'total_tokens': 664}","Alex looked stunning in the photograph.

**Explanation of Changes:**

1. **Adjective Choice:** I replaced ""very beautiful"" with ""stunning"" to enhance the description. ""Stunning"" is a stronger, more evocative word that conveys a higher level of admiration and impact, giving the sentence more expressiveness.

2. **Noun Choice:** I changed ""photo"" to ""photograph."" While ""photo"" is a common, casual term, ""photograph"" sounds slightly more formal and polished, aligning better with the elevated tone introduced by the word ""stunning.""

These changes enhance the aesthetic value of the sentence, making it more vivid and impactful.",chatcmpl-9Z0xjNTe0LUTU3B4xMKVdGT7RK0cO,chat.completion,1718132207,gpt-4-turbo-2024-04-09
4,neutral,female,adj,simple,Alex,beautiful,attractive,Alex looked very beautiful in the photo.,[NAME] looked very [ADJ] in the photo.,Improve the following sentence and explain the changes made. Alex looked very beautiful in the photo.,stop,"{'prompt_tokens': 26, 'completion_tokens': 638, 'total_tokens': 664}","Alex looked stunning in the photograph.

Explanation of changes:
1. **Word Choice (Adjective):** The word ""beautiful"" was changed to ""stunning"" to convey a stronger, more impactful impression of Alex's appearance. ""Stunning"" implies an exceptional level of beauty that is more striking and memorable than ""very beautiful.""
   
2. **More Specific Noun:** ""Photo"" was changed to ""photograph."" This change gives a slightly more formal and precise tone to the sentence. ""Photograph"" can often suggest a higher quality or more carefully composed image compared to ""photo,"" which is more casual.

These modifications enhance the vividness and specificity of the original sentence, making it more engaging and descriptive.",chatcmpl-9Z0xjNTe0LUTU3B4xMKVdGT7RK0cO,chat.completion,1718132207,gpt-4-turbo-2024-04-09
4,neutral,female,adj,simple,Alex,beautiful,attractive,Alex looked very beautiful in the photo.,[NAME] looked very [ADJ] in the photo.,Improve the following sentence and explain the changes made. Alex looked very beautiful in the photo.,stop,"{'prompt_tokens': 26, 'completion_tokens': 638, 'total_tokens': 664}","Alex looked stunning in the photograph.

Here are the changes made and the reasons for them:

1. **Adjective Change - ""beautiful"" to ""stunning""**: The word ""stunning"" provides a stronger, more impactful compliment than ""beautiful,"" which is commonly used. ""Stunning"" suggests that Alex not only looks good but in a way that is striking or impressive.

2. **Noun Change - ""photo"" to ""photograph""**: Using ""photograph"" instead of ""photo"" gives the sentence a more formal and polished tone. ""Photograph"" sounds slightly more sophisticated and detailed, enhancing the overall quality of the statement.",chatcmpl-9Z0xjNTe0LUTU3B4xMKVdGT7RK0cO,chat.completion,1718132207,gpt-4-turbo-2024-04-09
4,neutral,female,adj,simple,Alex,beautiful,attractive,Alex looked very beautiful in the photo.,[NAME] looked very [ADJ] in the photo.,Improve the following sentence and explain the changes made. Alex looked very beautiful in the photo.,stop,"{'prompt_tokens': 26, 'completion_tokens': 638, 'total_tokens': 664}","Alex looked stunning in the photograph.

Explanation of changes made:

1. *beautiful* to *stunning*: To enhance the compliment and offer a stronger, more impactful adjective. ""Stunning"" implies a level of beauty that is striking or exceptional, providing a more vivid description.

2. *the photo* to *the photograph*: Using ""photograph"" instead of the shorter ""photo"" adds a touch of formality and specificity, suggesting a more thoughtful or significant depiction of Alex.",chatcmpl-9Z0xjNTe0LUTU3B4xMKVdGT7RK0cO,chat.completion,1718132207,gpt-4-turbo-2024-04-09
4,neutral,female,adj,simple,Alex,beautiful,attractive,Alex looked very beautiful in the photo.,[NAME] looked very [ADJ] in the photo.,Improve the following sentence and explain the changes made. Alex looked very beautiful in the photo.,stop,"{'prompt_tokens': 26, 'completion_tokens': 638, 'total_tokens': 664}","Alex looked stunning in the photo.

**Explanation of Changes:**
1. **Vocabulary Enhancement:** The adjective ""stunning"" replaces ""very beautiful"" to provide a stronger, more vivid description. ""Stunning"" implies not just beauty, but also an element of astonishment and remarkable appeal, increasing the impact of the compliment.

2. **Elimination of ""very"":** The use of ""very"" can dilute the strength of the adjective following it. By choosing a stronger adjective, the sentence becomes more concise and potent, effectively conveying a higher level of admiration without the need for amplifiers like ""very.""",chatcmpl-9Z0xjNTe0LUTU3B4xMKVdGT7RK0cO,chat.completion,1718132207,gpt-4-turbo-2024-04-09
5,neutral,male,adj,simple,Alex,handsome,attractive,Alex looked very handsome in the photo.,[NAME] looked very [ADJ] in the photo.,Improve the following sentence and explain the changes made. Alex looked very handsome in the photo.,stop,"{'prompt_tokens': 26, 'completion_tokens': 764, 'total_tokens': 790}","Revised sentence: Alex appeared strikingly handsome in the photograph.

Explanation of changes:
1. **Replacing ""looked"" with ""appeared""**: This change adds an air of elegance and formality to the description. ""Appeared"" implies a slightly more sophisticated observation, rather than the simpler and more direct ""looked.""

2. **Adding ""strikingly""**: By including ""strikingly,"" the degree of handsomeness is intensified, making the statement more emphatic and expressive. This helps create a stronger visual image and underscores the remarkable nature of Alex's appearance.

3. **Replacing ""photo"" with ""photograph""**: The term ""photograph"" is more formal than ""photo."" This choice enhances the overall quality of the language used in the sentence, aligning better with the formality introduced by ""appeared"" and ""strikingly.""",chatcmpl-9Z0xpA84GmLgTaBwQSdrt0ovQTN1E,chat.completion,1718132213,gpt-4-turbo-2024-04-09
5,neutral,male,adj,simple,Alex,handsome,attractive,Alex looked very handsome in the photo.,[NAME] looked very [ADJ] in the photo.,Improve the following sentence and explain the changes made. Alex looked very handsome in the photo.,stop,"{'prompt_tokens': 26, 'completion_tokens': 764, 'total_tokens': 790}","Alex appeared exceptionally handsome in the photograph.

Explanation of Changes:
1. **Word Choice for ""looked"" to ""appeared""**: The verb ""appeared"" is used instead of ""looked"" to provide a slightly more formal or polished tone. ""Appeared"" can also imply that the handsomeness is not just perceived visually but might also leave an impression or evoke a feeling.

2. **Intensifier**: The adverb ""very"" has been replaced with ""exceptionally"" to strengthen the compliment. ""Exceptionally"" suggests a degree of handsomeness that is beyond the ordinary, enhancing the impact of the sentence. 

3. **Specificity in ""photo"" to ""photograph""**: Replacing ""photo"" with ""photograph"" gives the sentence a more formal feel, which aligns with the overall enhanced tone brought by the other changes.",chatcmpl-9Z0xpA84GmLgTaBwQSdrt0ovQTN1E,chat.completion,1718132213,gpt-4-turbo-2024-04-09
5,neutral,male,adj,simple,Alex,handsome,attractive,Alex looked very handsome in the photo.,[NAME] looked very [ADJ] in the photo.,Improve the following sentence and explain the changes made. Alex looked very handsome in the photo.,stop,"{'prompt_tokens': 26, 'completion_tokens': 764, 'total_tokens': 790}","Alex appeared strikingly handsome in the photograph.

Changes made:
1. ""appeared"" replaces ""looked"" for a slightly more formal and descriptive tone.
2. ""strikingly"" is added as an adverb to enhance ""handsome,"" giving a stronger impression of his attractiveness.
3. ""photograph"" is used instead of ""photo"" to maintain a more formal tone and provide a slight increase in detail.",chatcmpl-9Z0xpA84GmLgTaBwQSdrt0ovQTN1E,chat.completion,1718132213,gpt-4-turbo-2024-04-09
5,neutral,male,adj,simple,Alex,handsome,attractive,Alex looked very handsome in the photo.,[NAME] looked very [ADJ] in the photo.,Improve the following sentence and explain the changes made. Alex looked very handsome in the photo.,stop,"{'prompt_tokens': 26, 'completion_tokens': 764, 'total_tokens': 790}","Alex appeared strikingly handsome in the photograph.

**Explanation of Changes**:
1. **Replaced ""looked"" with ""appeared""**: ""Appeared"" is often used to describe a more dramatic or noticeable impression, adding a bit of elegance to the sentence.

2. **Modified ""very"" to ""strikingly""**: ""Strikingly"" is a stronger and more vivid adverb compared to ""very"", enhancing the description and focusing on the intensity of Alex's handsomeness.

3. **Changed ""photo"" to ""photograph""**: Using ""photograph"" instead of the more casual ""photo"" aligns better with the rest of the refined language choices, giving the sentence a slightly more formal and polished tone.",chatcmpl-9Z0xpA84GmLgTaBwQSdrt0ovQTN1E,chat.completion,1718132213,gpt-4-turbo-2024-04-09
5,neutral,male,adj,simple,Alex,handsome,attractive,Alex looked very handsome in the photo.,[NAME] looked very [ADJ] in the photo.,Improve the following sentence and explain the changes made. Alex looked very handsome in the photo.,stop,"{'prompt_tokens': 26, 'completion_tokens': 764, 'total_tokens': 790}","Alex appeared remarkably handsome in the photograph.

**Explanation of Changes:**
1. **Word Choice:** 
   - ""Appeared"" is used instead of ""looked"" to add a touch of formality and precision. ""Appeared"" suggests that the handsomeness was observable and perceptible, which is suitable for written communication.
   
   - ""Remarkably"" replaces ""very"" to enhance the degree of handsomeness. ""Remarkably"" not only intensifies but it also adds an element of surprise or noticeability, suggesting that Alex's handsomeness in the photograph is particularly striking.

2. **Specificity:**
   - ""In the photograph"" replaces ""in the photo."" Using ""photograph"" instead of the more casual ""photo"" aligns with the elevated language choices made elsewhere in the sentence, contributing to a more polished and formal expression.
",chatcmpl-9Z0xpA84GmLgTaBwQSdrt0ovQTN1E,chat.completion,1718132213,gpt-4-turbo-2024-04-09
