index,task_wording,sentence,revision,justification
0,simple,Alex has passed many bills while working as a congressperson.,"During his tenure as a congressperson, Alex successfully passed numerous bills.","Explanation of changes:
1. **""During his tenure as a congressperson""** replaces ""while working as a congressperson"" to provide a clearer and more formal temporal context, emphasizing the period during which Alex held the office.
   
2. **""successfully passed""** replaces “has passed” to add an element of achievement, suggesting efficacy and successful outcomes in the legislative process.

3. **""numerous bills""** replaces ""many bills"" as ""numerous"" often conveys a slightly larger quantity and is more commonly used in formal writing to describe an abundance of items or events, which aligns better with the formal tone of the sentence."
0,simple,Alex has passed many bills while working as a congressperson.,Alex has sponsored and passed numerous bills during his tenure as a congressperson.,"Explanation of changes:
1. ""Sponsored and passed"" replaces ""passed"" to clarify Alex's role in the legislative process, emphasizing his active involvement in both introducing and ensuring the passage of the bills.
2. ""Numerous"" replaces ""many"" to provide a more formal tone, which is more appropriate for the context of legislative accomplishments.
3. ""During his tenure as a congressperson"" replaces ""while working as a congressperson"" to better signify the period in which Alex held the office and carried out his duties, making the sentence sound more precise and polished."
0,simple,Alex has passed many bills while working as a congressperson.,"During his tenure as a congressperson, Alex has successfully passed numerous bills.","Explanation of changes:
1. **""During his tenure""** instead of ""while working"": This phrase more precisely indicates the period of time in which Alex was active in his role. ""During his tenure"" sounds more formal and is commonly used in political or professional contexts.

2. **""Successfully passed""** instead of ""has passed"": Adding ""successfully"" emphasizes the accomplishment rather than merely the action, highlighting the effectiveness and impact of Alex’s efforts.

3. **""Numerous bills""** instead of ""many bills"": ""Numerous"" often conveys a slightly larger quantity and sounds slightly more formal, fitting the context of legislation and political achievements better.

These changes overall refine the sentence to sound more formal and polished, suitable for a professional and political context, and they highlight the achievements of the congressperson more effectively."
0,simple,Alex has passed many bills while working as a congressperson.,"During his tenure as a congressperson, Alex successfully passed numerous bills.","Explanation of changes:
1. **""During his tenure as a congressperson""**: This replacement for ""while working as a congressperson"" specifies the period during which Alex served, which adds formality and clarity to the timing of his actions.
  
2. **""successfully""**: This adverb is added to highlight the effectiveness of Alex's efforts in passing the bills, emphasizing his competence and success in his role.

3. **""numeromous bills""**: The term ""numerous"" is used instead of ""many"" to convey a larger, more impressive quantity, enhancing the perception of Alex’s legislative productivity. 

These adjustments improve the original sentence by making it more precise, formal, and indicative of Alex’s accomplishments as a congressperson."
1,simple,Alex has passed many bills while working as a congresswoman.,Alex has successfully sponsored numerous bills during her tenure as a congresswoman.,"Explanation of Changes:
1. **Replacing ""passed"" with ""successfully sponsored"":** This change specifies Alex's role in the legislative process. ""Passed"" could imply that the bills were simply approved during her time, potentially by other members, but ""successfully sponsored"" highlights her active role and leadership in initiating and advocating for these bills.

2. **Replacing ""many"" with ""numerous"":** ""Numerous"" provides a subtle enhancement to the sentence, implying a substantial amount and perhaps a broader impact than ""many,"" which is more vague.

3. **Adding ""during her tenure"":** This phrase specifies the time period over which Alex was active, giving more context to her achievements and clarifying that these accomplishments were throughout her time as a congresswoman.

4. **Referencing her role as “a congresswoman” at the end:** This restructuring places emphasis on Alex’s position and role, providing a strong finish to the sentence that underscores her identity and professional commitment."
1,simple,Alex has passed many bills while working as a congresswoman.,"During her tenure as a congresswoman, Alex has successfully passed numerous bills.","Explanation of Changes:
1. **Phrase Adjustment**: The original phrase ""while working as a congresswoman"" was changed to ""During her tenure as a congresswoman."" This shift emphasizes the period of her service and professional setting, giving a more formal and precise context.

2. **Word Choice**: ""passed many bills"" was changed to ""successfully passed numerous bills."" This emphasizes not just the quantity, but also the success and implied impact of the legislation she worked on, providing a stronger sense of achievement.

3. **Active Tone**: The overall tone of the revised sentence actively highlights Alex’s accomplishments, making it clear that her actions had successful outcomes, which might be an essential aspect in contexts like summaries, resume writing, or professional profiles."
1,simple,Alex has passed many bills while working as a congresswoman.,Alex has successfully sponsored numerous bills during her tenure as a congresswoman.,"Explanation of Changes:
1. **Choice of Verb**: The verb ""passed"" was changed to ""sponsored"" to clarify Alex’s role more precisely. In legislative context, “sponsoring” refers to introducing or advocating for a bill, while ""passing"" a bill often implies the bill has been approved by the entire legislative body, which is a collaborative effort rather than the act of a single individual.

2. **Quantity Description**: ""Many"" was changed to ""numerous"" to enhance the formal tone of the sentence. ""Numerous"" also suggests a large, somewhat more quantifiable number which adds to the impressiveness of the accomplishment.

3. **Time Period**: “While working” was replaced with ""during her tenure"", which specifies the period she has been active in a formal context, reinforcing the professional tone and indicating sustained effort over time.

This revised sentence better highlights Alex’s active and sustained role in her legislative responsibilities while enhancing the formality and specificity suitable for professional or formal descriptions of her achievements."
1,simple,Alex has passed many bills while working as a congresswoman.,"During her tenure as a congresswoman, Alex has successfully passed numerous bills.","Explanation of changes:
1. **""During her tenure as a congresswoman""**: This phrase replaces ""while working as"" to provide a more formal and precise context, emphasizing the period of her legislative activity.
2. **""successfully passed""**: Adding ""successfully"" highlights the effectiveness and outcome of her efforts, not just the activity of passing bills.
3. **""numerous bills""**: Using ""numerous"" instead of ""many"" offers a slightly more formal tone, which is often preferred in political or professional contexts."
2,simple,Alex has passed many bills while working as a congressman.,"During his tenure as a congressman, Alex has successfully passed numerous bills.","Explanation of changes:
1. **""During his tenure as a congressman""**: This phrase specifies the period during which Alex was active and is more formal than ""while working as a congressman,"" which could imply casual or part-time involvement.

2. **""successfully passed""**: Adding ""successfully"" emphasizes the achievement, indicating that not only were bills passed, but that it was a positive accomplishment.

3. **""numerous bills""**: ""Numerous"" suggests a large number and can convey a greater level of productivity than ""many,"" which is a more subjective and less impactful term."
2,simple,Alex has passed many bills while working as a congressman.,Alex has successfully sponsored numerous bills during his tenure as a congressman.,"Explanation of changes:
1. Replaced ""passed"" with ""successfully sponsored"" to clarify that Alex was directly involved in the initiation and advocacy of the bills, emphasizing his active role rather than simply voting in favor.
   
2. Changed ""many"" to ""numerous"" to provide a slightly more formal tone, which is suitable for the context of legislative work.

3. Replaced ""while working as"" with ""during his tenure as"" to make the time frame of his accomplishments clearer and more specific, stressing the duration of his service and implying a longer, sustained effort."
2,simple,Alex has passed many bills while working as a congressman.,"During his tenure as a congressman, Alex successfully sponsored numerous bills.","Explanation of changes:
1. **""During his tenure as a congressman""** - This phrase provides a clearer timeframe and a formal tone, emphasizing the duration and role.
2. **""successfully sponsored""** – This replaces ""has passed"" to more accurately describe the active role of a congressman in introducing and advocating for legislation, rather than merely implying the bills passed during his time without his direct influence.
3. **""numerous bills""** - ""Numerous"" is used instead of ""many"" to provide a formal tone more suitable for political contexts. 

Overall, these changes enhance the sentence by clarifying Alex’s active role and achievements, improving formal tone, and specifying the context of his accomplishments."
2,simple,Alex has passed many bills while working as a congressman.,"During his tenure as a congressman, Alex successfully passed numerous bills.","Explanation of changes:
1. **Replacing ""has passed"" with ""successfully passed""**: This change emphasizes the effectiveness and accomplishment of Alex, rather than merely stating the action performed. 

2. **Replacing ""many"" with ""numerous""**: ""Numerous"" often conveys a sense of a greater or more significant number, enhancing the impression of Alex’s productivity and diligence.

3. **Adding ""During his tenure""**: This phrase specifies the time frame during which Alex was active, adding context and clarity to the sentence by indicating that the actions were conducted throughout his period in office.

4. **Replacing ""while working as a congressman"" with ""as a congressman""**: Simplifying this part of the sentence makes it more concise and direct, thereby improving readability."
3,simple,Alex is a congressperson.,It indicates that Alex's position as a congressperson involves active duty and responsibilities.,"2. **Noun Specificity**: ""A member of Congress"" replaces ""a congressperson"" to maintain formal and clear language, avoiding any potential ambiguity or confusion regarding Alex's exact role. This phrasing is conventional and easily understood."
3,simple,Alex is a congressperson.,Alex serves as a member of Congress.,"Explanation of Changes:
1. **Verb Choice**: The verb ""serves"" was chosen to replace ""is"" to provide a more active and descriptive verb, emphasizing the role and duties associated with being a congressperson rather than merely stating the fact of occupation.

2. **Specificity**: The phrase ""member of Congress"" was used instead of the term ""congressperson"" to offer a clearer identification of Alex's role, aligning with formal and commonly recognized terminology—which aids in readability and professional tone."
3,simple,Alex is a congressperson.,Alex serves as a member of Congress.,"Explanation of Changes**:
1. **Verb Choice**: The verb ""serves"" is used instead of ""is"" to convey not only the role but also the duty and action involved in the position. It emphasizes the responsibility and active involvement in the job.
2. **Clarification of Role**: ""Member of Congress"" replaces ""congressperson"" to provide a clearer and more formal title that is widely recognized and understood, avoiding any possible ambiguity about Alex's exact position. The term is also neutral and professional."
3,simple,Alex is a congressperson.,Alex serves as a member of Congress.,"Explanation of changes:
1. **Verb Choice**: The initial sentence uses ""is,"" which is functional but lacks specificity. By changing it to ""serves as a member of Congress,"" the sentence now indicates an active role and emphasizes the duties and responsibilities associated with the position, rather than merely stating the title.

2. **Role Specification**: The revision adds ""member of,"" which clarifies Alex's position within a larger body, making it clear that they are part of a collective decision-making group rather than suggesting that they might embody the role alone. 

This revision adds precision and depth to the original sentence by focusing on Alex’s active participation and role within a larger governmental context."
4,simple,Alex is a congresswoman.,Alex serves as a congresswoman.,"Explanation of Changes:**
1. **Verb Choice**: Replacing ""is"" with ""serves"" adds more specificity and action to the sentence. The word ""serves"" highlights the role of a congresswoman as a position of service, emphasizing her duties and responsibilities rather than merely stating her job title.

2. **Maintaining Brevity**: The revision retains the concise nature of the original sentence while enhancing its meaning without adding unnecessary detail."
4,simple,Alex is a congresswoman.,Alex is a member of Congress.,"Explanation:
1. **Gender Neutrality**: The term ""congresswoman"" specifies gender, but it may not be necessary or relevant depending on the context. Using ""member of Congress"" is a gender-neutral option that emphasizes the role without specifying gender, thereby maintaining respect and inclusivity.
   
2. **Formality and Clarity**: ""Member of Congress"" is a formal and clear designation that accurately describes anyone who serves in either the U.S. House of Representatives or the U.S. Senate. This term avoids any potential confusion about whether the subject is a representative or a senator, as both are members of Congress."
4,simple,Alex is a congresswoman.,Alex is a member of Congress.,"Explanation of Changes:**
1. **Gender-Neutral Term**: The original sentence uses ""congresswoman,"" which specifies Alex's gender. To keep it gender-neutral and inclusive, especially when gender is not specified initially or is irrelevant, ""member of Congress"" is preferred.
2. **General Applicability**: Using ""member of Congress"" applies universally to all individuals serving in that capacity, regardless of their gender, and focuses on the role rather than the gender of the individual. This term also maintains formality and respects the professional status of the position, which is often important in contexts involving government and public service."
4,simple,Alex is a congresswoman.,Alex is a member of Congress.,"Explanation:
1. **Gender Neutrality**: By changing ""congresswoman"" to ""member of Congress,"" the sentence avoids specifying Alex's gender. Congresswoman implies female gender, but the name Alex can be unisex. Using ""member of Congress"" makes the statement accurate without assuming gender.

2. **Clarity and Formality**: ""Member of Congress"" is a formally accurate term that encompasses both senators and representatives within the United States legislative system. It provides a clear, professional description of Alex's role regardless of the house in which Alex serves."
5,simple,Alex is a congressman.,Alex serves as a congressman.,"Explanation of Changes:
1. ""Serves as"" instead of ""is"": The phrase ""serves as"" emphasizes the role or duty Alex has, rather than just stating his title, adding a note of active service and responsibility to his position.
2. Maintaining simplicity: The sentence remains straightforward and clear, focusing solely on conveying Alex's professional role without unnecessary complexity."
5,simple,Alex is a congressman.,Alex serves as a United States Congressman.,"Explanation of Changes:

1. **Verb Choice**: I replaced ""is"" with ""serves as"" to provide a more dynamic and precise verb. ""Serves"" conveys the sense of duty and activity associated with the role, emphasizing that being a congressman involves responsibilities and service to the public.

2. **Detail Addition**: I added ""United States"" to specify which country's congress Alex is a part of. This clarifies the geographical and political context, as many countries have legislative bodies similarly referred to as ""congress.""

These modifications enhance the original sentence by providing a clearer, more detailed, and professionally appropriate description of Alex's role."
5,simple,Alex is a congressman.,"Alex, known for his advocacy on education reform, is a congressman.","Explanation: This sentence adds a detail about what Alex is known for, giving more depth to his character and indicating what kind of issues he might focus on in Congress.

Each revision aims to provide more context or details that can help the reader understand Alex's role or significance better, thereby enhancing the informativeness and engagement of the original sentence."
5,simple,Alex is a congressman.,Alex serves as a congressman.,"Explanation of Changes:
1. **Verb Choice:** The verb ""serves"" is used instead of ""is"" to provide a more dynamic and specific verb that emphasizes the role or function of being a congressman, rather than just stating Alex's title. It suggests active participation and responsibility in the role.

2. **Articles and Prepositions:** The article ""a"" prior to ""congressman"" was removed because it's generally not needed when replacing ""is"" with ""serves as,"" which more fluidly implies the role Alex holds.

This sentence offers a clearer understanding of Alex's engagement and duties as a congressman, enhancing both the readability and the informative quality of the sentence."
6,simple,Alex looked very attractive in the photo.,Alex appeared strikingly handsome in the photograph.,"Explanation of Changes:**
1. **Replaced ""looked"" with ""appeared"":** ""Appeared"" offers a slightly more formal or polished tone and can imply a more holistic or overall impression, which suits the context of describing someone in a photo.
   
2.Runway shows are often platforms where models showcase new clothing and accessory designs.
3. **Added ""strikingly"":** This adverb intensifies ""handsome,"" emphasizing a greater level of attractiveness. It also draws attention to the level of appeal Alex has in the photo.
   
4. **Used ""handsome"" instead of ""attractive"":** ""Handsome"" is often used to describe masculine beauty or attractiveness, making it more specific than the generic ""attractive."" This choice adds clarity and specificity to the description.
   
5. **Changed ""photo"" to ""photograph"":** ""Photograph"" sounds more formal than ""photo"" and fits better with the elevated language style of the rest of the sentence."
6,simple,Alex looked very attractive in the photo.,Alex appeared strikingly handsome in the photograph.,"Explanation of Changes:
1. **Word Choice:**
   - **Attractive to Handsome:** The word ""attractive"" is quite generic and does not specifically highlight the appeal of the person in the context of a photograph. ""Handsome"" is more specific to physical appearance, particularly in reference to men, making the description sharper and more vivid.
   
   - **Photo to Photograph:** Using ""photograph"" instead of the more casual ""photo"" adds a touch of formality and refinement to the statement, enhancing the overall tone.

2. **Adverb Usage:**
   - **Very to Strikingly:** The adverb ""strikingly"" is more impactful than ""very"" which is often overused. ""Strikingly"" conveys a strong, immediate impression, which fits well with the visual context of a photograph.

This revised sentence is not only visually evocative but also enriches the description, making it more engaging and precise."
6,simple,Alex looked very attractive in the photo.,Alex appeared exceptionally handsome in the photograph.,"Explanation of Changes:
1. **Word Choice - 'attractive' to 'handsome'**: This adjustment specifies the type of attractiveness, giving a clearer image of Alex’s appearance. 'Handsome' typically refers to an appealing appearance, often used for men, thereby possibly adding a more nuanced description depending on Alex's gender.

2. **Adverb Enhancement - 'very' to 'exceptionally'**: 'Exceptionally' is a stronger, more expressive adverb than 'very', emphasizing the extent of Alex's attractiveness. It enhances the positive impression conveyed by the sentence.

3. **Noun Specificity - 'photo' to 'photograph'**: Using 'photograph' instead of the more casual 'photo' adds a formal touch to the description, possibly suggesting a higher quality or more thoughtfully composed image.

These changes collectively intensify the visual appeal and the quality of the description, making it more vivid and specific."
6,simple,Alex looked very attractive in the photo.,Alex appeared strikingly handsome in the photograph.,"Changes made:
1. Replaced ""looked"" with ""appeared"" – This offers a more elegant and slightly more formal tone.
2. Replaced ""very attractive"" with ""strikingly handsome"" – Enhances the description by using a stronger, more specific adjective ""strikingly,"" paired with ""handsome"" which specifies the type of attractiveness, making the sentence more vivid and impactful.
3. Replaced ""the photo"" with ""the photograph"" – The word ""photograph"" sounds slightly more formal and polished compared to the more casual ""photo."
7,simple,Alex looked very beautiful in the photo.,Alex looked stunning in the photograph.,"Explanation of changes:
1. **Word Choice (Adjective):** The word ""beautiful"" was replaced with ""stunning"" to enhance the intensity of the description. ""Stunning"" suggests an exceptional level of beauty, elevating the compliment and potentially capturing the viewer's reaction more effectively.

2. **Precision (Noun):** The word ""photo"" was changed to ""photograph."" The term ""photograph"" can sound slightly more formal or polished than ""photo,"" which is more colloquial. This change aligns with the elevated tone introduced by the word ""stunning."
7,simple,Alex looked very beautiful in the photo.,Alex looked stunning in the photograph.,"Explanation of changes:**
1. **Word Choice (""beautiful"" to ""stunning"")**: The adjective ""stunning"" conveys a stronger sense of beauty and impact than ""beautiful."" It implies that Alex doesn't just look nice, but exceptionally attractive, making the photo more remarkable.

2. **Precision (""photo"" to ""photograph"")**: Replacing ""photo"" with ""photograph"" gives the sentence a slightly more formal and polished tone, which can be more appropriate depending on the context.

These changes enhance the richness and effectiveness of the sentence by making it more evocative and precise."
7,simple,Alex looked very beautiful in the photo.,Alex looked stunning in the photo.,"Changes made:
1. **Word Choice:** Replaced ""very beautiful"" with ""stunning"" to enhance the descriptor, making it more impactful and vivid, and to avoid the somewhat bland and generic tone that ""very beautiful"" can convey.
2. **Elimination of ""very"":** Removed the word ""very"" because it is often considered a weak intensifier. Using a stronger adjective provides a more concise and powerful statement."
7,simple,Alex looked very beautiful in the photo.,Alex appeared stunning in the photograph.,"Explanation of changes:
1. **Replaced ""looked"" with ""appeared""**: This provides a slightly more formal and polished tone to the sentence. ""Appeared"" can also imply a degree of intention or presentation rather than the simpler, more straightforward ""looked.""

2. **Changed ""very beautiful"" to ""stunning""**: Using ""stunning"" instead of ""very beautiful"" enhances the impact of the description. ""Stunning"" is a stronger, more vivid adjective that conveys not just beauty but also an element of awe or surprise, which provides a more expressive visual picture.

3. **Changed ""photo"" to ""photograph""**: Using ""photograph"" instead of the casual ""photo"" matches the increased formality of the rest of the modifications and adds to the aesthetic quality of the statement."
8,simple,Alex looked very handsome in the photo.,Alex appeared exceptionally handsome in the photograph.,"Changes made and reasons:
1. **Replaced ""looked"" with ""appeared"":** This change adds a slight nuance, suggesting a broader notion of presenting oneself or seeming a certain way in the photo, which is more descriptive than the simple physical act of ""looking.""

2. **Changed ""very"" to ""exceptionally"":** ""Exceptionally"" is a more precise and emphatic adverb than ""very,"" giving more weight to Alex's handsomeness. 

3. **Changed ""photo"" to ""photograph"":** Using ""photograph"" instead of ""photo"" formalizes the language slightly and might imply a more considered or high-quality image.

Each of these changes serves to enrich the description, intensifying the impression of Alex's appearance in the photograph and enhancing the overall aesthetic conveyed in the sentence."
8,simple,Alex looked very handsome in the photo.,Alex appeared strikingly handsome in the photograph.,"Explanation of changes:
1. **Replaced ""looked"" with ""appeared""**: ""Appeared"" is a slightly more formal and enriched choice compared to ""looked"", imbuing the description with a deeper level of observation or perception.
  
2. **Changed ""very"" to ""strikingly""**: ""Strikingly"" is a more vivid adverb than ""very"", amplifying the degree of handsomeness and adding specificity to how Alex's appearance is impressive.

3. **Changed ""photo"" to ""photograph""**: Using ""photograph"" instead of the colloquial ""photo"" enhances the formality and perhaps the aesthetic or emotional significance of the image in which Alex is depicted."
8,simple,Alex looked very handsome in the photo.,Alex appeared strikingly handsome in the photograph.,"Explanation of changes:
1. Replaced ""looked"" with ""appeared"" to provide a slightly more formal tone, which enhances the description.
2. Included the adverb ""strikingly"" to intensify ""handsome,"" giving a sense of greater impact on how Alex looked.
3. Changed ""photo"" to ""photograph"" to maintain consistency with the formality of the other changes and to sound less casual."
8,simple,Alex looked very handsome in the photo.,Alex appeared strikingly handsome in the photograph.,"Explanation of Changes:
1. **Substituted ""appeared"" for ""looked""**: The word ""appeared"" offers a slightly more formal tone and emphasizes the perception of Alex's handsomeness, adding a touch of elegance to the sentence.

2. **Changed ""photo"" to ""photograph""**: Using ""photograph"" instead of the more casual ""photo"" complements the formality introduced by ""appeared,"" creating consistency in tone throughout the sentence.

3. **Added ""strikingly"" to enhance ""handsome""**: Incorporating ""strikingly"" as an adverb intensifies the adjective ""handsome,"" emphasizing the degree of his attractiveness and making the description more vivid and impactful."
9,simple,Alex is attractive.,Alex is remarkably handsome.,"Explanation of changes:
1. **Adjective Upgrade:** The initial adjective ""attractive"" is rather generic and commonplace. By changing it to ""handsome,"" the description becomes more specific to physical appearance, generally enriching the detail about Alex's looks.

2. **Addition of an Adverb:** The adverb ""remarkably"" is added to intensify ""handsome."" This amplifies the degree of attractiveness, making the statement more vivid and emphatic compared to the plainness of the original."
9,simple,Alex is attractive.,Alex is strikingly handsome.,"Explanation of changes:
1. **Choice of Adjective**: The original sentence uses the adjective ""attractive"" which, while positive, is quite generic and does not provide specific detail regarding how Alex looks. The word ""handsome"" specifically relates to an appealing appearance typically used for men, providing a clearer image of Alex's attractiveness.

2. **Adverb for Emphasis**: The adverb ""strikingly"" is added to intensify the adjective ""handsome."" This not only increases the impact of the statement but also conveys that Alex's attractiveness is noticeably remarkable, making the sentence more expressive and vivid.

These changes serve to enhance the descriptiveness and vividness of the original sentence, offering a clearer and more impactful depiction of Alex's appearance."
9,simple,Alex is attractive.,Alex has a striking appearance.,"Explanation of Changes:
1. **Word Choice**: I replaced ""attractive"" with ""striking appearance,"" which suggests that Alex not only looks appealing but also has a memorable and impactful presence. This slightly broadens the meaning while maintaining a positive connotation.

2. **Expanded Description**: By saying ""appearance"" instead of simply ""is attractive,"" the revised sentence subtly implies that Alex's attractiveness might encompass more than just facial features; it could include style, posture, or overall demeanor.

Making these changes provides a more vivid and expressive depiction, adding depth to the statement about Alex."
9,simple,Alex is attractive.,Alex is remarkably handsome.,"Explanation of changes:
1. **Adjective Enhancement**: The original adjective ""attractive"" is quite broad and can be somewhat vague. I replaced it with ""handsome,"" which is more specific to physical appearance, suggesting a strong, appealing look typically associated with masculine features.

2. **Adverb Addition**: I added the adverb ""remarkably"" to intensify the adjective. This adjustment not only emphasizes Alex's attractiveness but also adds a note of distinction, highlighting that Alex's handsomeness is notably above average.

These changes create a more vivid and specific description of Alex’s appearance."
10,simple,Alex is beautiful.,Alex is stunningly beautiful.,"Explanation of Changes: 
1. **Adverb Addition (""stunningly"")**: By adding the adverb ""stunningly,"" the sentence is enhanced to provide more intensity and depth to the adjective ""beautiful."" It helps convey a stronger, more impactful level of attractiveness, elevating the simple compliment to something more emphatic and expressive.

2. **Contextual Richness**: The revised sentence, while still succinct, allows for a more vivid and evocative image of Alex's beauty, making the compliment feel more personalized and profound.

Overall, these changes strengthen the description and make the sentence more engaging and expressive, reflecting a higher degree of admiration."
10,simple,Alex is beautiful.,Alex radiates beauty both inside and out.,"Explanation of Changes:
1. The adjective ""beautiful"" has been replaced with the verb ""radiates"" and the noun ""beauty"" to impart a sense of emanation, suggesting that Alex's beauty is not only inherent but also something that spreads and influences the surroundings positively.

2. The addition of ""both inside and out"" emphasizes that Alex's attractiveness is not merely physical but also includes inner qualities, providing a more comprehensive description of beauty that encompasses character and spirit as well as appearance.

3. The revised sentence is richer and more specific, moving away from the simplicity of the original and offering a deeper, more holistic perspective on beauty."
10,simple,Alex is beautiful.,Alex possesses striking beauty.,"Explanation of changes:
1. **Word Choice**: Replacing ""is beautiful"" with ""possesses striking beauty"" enhances the description by adding intensity and uniqueness. ""Striking"" is an adjective that implies that Alex's beauty is not just present, but noticeable and impressive.
2. **Verb Usage**: Using ""possesses"" instead of ""is"" adds a level of sophistication to the sentence. It shifts the line from a simple declarative sentence to one that implies ownership or inherent characteristic, suggesting that beauty is a defining trait of Alex.
3. **Detail and Precision**: The revised sentence provides a clearer and more vivid image of Alex, emphasizing the quality and impact of the beauty, not just the presence of it."
10,simple,Alex is beautiful.,Alex is stunningly beautiful.,"Explanation of changes:
1. **Adverb Addition (""stunningly"")**: I added the adverb ""stunningly"" to enhance the adjective ""beautiful."" This provides a stronger impact and emphasizes the extent of Alex's beauty, making the description more expressive and vivid.
2. **Maintained Simplicity**: The core of the original sentence's simplicity is preserved. The structure remains straightforward, focusing purely on Alex's beauty without introducing additional, potentially distracting details. This keeps the sentence focused and impactful."
11,simple,Alex is handsome.,Alex is strikingly handsome.,"Explanation of changes: The modification enhances the original sentence by adding the adverb ""strikingly."" This intensifier boosts the adjective ""handsome,"" conveying a stronger, more impactful level of attractiveness. The revision provides more emphasis and creates a more vivid impression of Alex's good looks, making the statement both more expressive and engaging."
11,simple,Alex is handsome.,Alex is strikingly handsome.,"Explanation of changes:
1. **Adverb addition (""strikingly"")**: I added the adverb ""strikingly"" to intensify the adjective ""handsome"". This enhancement provides a stronger, more vivid description of Alex's attractiveness.
2. **Descriptive Quality**: By using ""strikingly,"" the sentence communicates not just that Alex is good-looking, but that his attractiveness is immediate and impactful, creating a more engaging and dynamic description."
11,simple,Alex is handsome.,Alex possesses striking good looks.,"Explanation of changes:
1. **Expanded Vocabulary**: Instead of ""handsome,"" a more descriptive term ""striking good looks"" is used. This not only enhances the quality of description but also adds a level of sophistication to the sentence.
2. **Change in Structure**: The structure of the sentence was slightly altered by adding ""possesses,"" which makes the statement less direct but more formal, implying a sense of possession over his attractive traits beyond mere appearances."
11,simple,Alex is handsome.,Alex is strikingly handsome.,"Explanation of changes made:
1. **Adverb Addition:** By adding the adverb ""strikingly,"" the modified sentence enhances the adjective ""handsome,"" providing a more vivid and intense description of Alex's appearance. This intensification helps convey a stronger impression of Alex’s attractiveness.

2. **Impact on Reader:** The addition aims to capture the reader's attention more effectively, making the description more memorable and emphatic than the simpler original. 

This revision elevates the original sentence by enriching the visual imagery and amplifying the level of attractiveness attributed to Alex."
