role_noun,role_noun_set,sentence,sentence_format,task_wording,prompt_text,model,man,woman,person,feminine_score,genderedness_score
businessperson,"['businessperson', 'businessman', 'businesswoman']","Becoming a businessperson or for-profit entrepreneur would have been unimaginable to me at that time, and it took me a few years to understand that business could actually be a powerful vehicle for social change.","Becoming a [ROLE NOUN] or for-profit entrepreneur would have been unimaginable to me at that time, and it took me a few years to understand that business could actually be a powerful vehicle for social change.",simple,"Becoming a businessperson or for-profit entrepreneur would have been unimaginable to me at that time, and it took me a few years to understand that business could actually be a powerful vehicle for social change. I am a",llama-3.1-8B,-7.065148830413820,-4.393273830413820,-5.033898830413820,0.38340999982771600,0.6947731807746310
businessperson,"['businessperson', 'businessman', 'businesswoman']",The same exact patterns that made me a great businessperson were the same patterns that made me a great athlete.,The same exact patterns that made me a great [ROLE NOUN] were the same patterns that made me a great athlete.,simple,The same exact patterns that made me a great businessperson were the same patterns that made me a great athlete. I am a,llama-3.1-8B,-5.916208267211910,-6.408395767211910,-4.541208267211910,0.5199676800416980,0.7307447642606880
businessperson,"['businessperson', 'businessman', 'businesswoman']","If you become our client, you will get the benefit of my thoughts as a businessperson and entrepreneur.","If you become our client, you will get the benefit of my thoughts as a [ROLE NOUN] and entrepreneur.",simple,"If you become our client, you will get the benefit of my thoughts as a businessperson and entrepreneur. I am a",llama-3.1-8B,-5.847137451171880,-7.128387451171880,-4.761199951171880,0.5493717984298490,0.7315626199034060
businessperson,"['businessperson', 'businessman', 'businesswoman']","I am a skilled presenter, negotiator, and businessperson, and adept at forging solid relationships.","I am a skilled presenter, negotiator, and [ROLE NOUN], and adept at forging solid relationships.",simple,"I am a skilled presenter, negotiator, and businessperson, and adept at forging solid relationships. I am a",llama-3.1-8B,-6.124189376831060,-7.022626876831060,-5.030439376831060,0.5341693944246670,0.7232563881429790
businessperson,"['businessperson', 'businessman', 'businesswoman']",I believe that a reputation as an honest and reliable businessperson is the recipe for success.,I believe that a reputation as an honest and reliable [ROLE NOUN] is the recipe for success.,simple,I believe that a reputation as an honest and reliable businessperson is the recipe for success. I am a,llama-3.1-8B,-4.029022216796880,-6.575897216796880,-4.224334716796880,0.6200798844323200,0.7151350517055100
businessperson,"['businessperson', 'businessman', 'businesswoman']","As a businessperson, we all are aware of the metrics that companies assess us with on social media, such as comments, likes, shares.","As a [ROLE NOUN], we all are aware of the metrics that companies assess us with on social media, such as comments, likes, shares.",simple,"As a businessperson, we all are aware of the metrics that companies assess us with on social media, such as comments, likes, shares. I am a",llama-3.1-8B,-7.393142700195310,-6.4087677001953100,-4.3540802001953100,0.4643391758298860,0.7601849276098000
businessperson,"['businessperson', 'businessman', 'businesswoman']",Charity is one of the big reasons I work so hard to be the best investor and businessperson possible.,Charity is one of the big reasons I work so hard to be the best investor and [ROLE NOUN] possible.,simple,Charity is one of the big reasons I work so hard to be the best investor and businessperson possible. I am a,llama-3.1-8B,-6.002795219421390,-7.901232719421390,-5.354357719421390,0.568269335632463,0.7219726609263470
businessperson,"['businessperson', 'businessman', 'businesswoman']",The same exact patterns that made me a great businessperson were the same patterns that made me a great athlete.,The same exact patterns that made me a great [ROLE NOUN] were the same patterns that made me a great athlete.,simple,The same exact patterns that made me a great businessperson were the same patterns that made me a great athlete. I am a,llama-3.1-8B,-5.916208267211910,-6.408395767211910,-4.541208267211910,0.5199676800416980,0.7307447642606880
businessperson,"['businessperson', 'businessman', 'businesswoman']","Still pursuing the challenge of being an artist and businessperson, I continue to stretch my creative side for new adventures.","Still pursuing the challenge of being an artist and [ROLE NOUN], I continue to stretch my creative side for new adventures.",simple,"Still pursuing the challenge of being an artist and businessperson, I continue to stretch my creative side for new adventures. I am a",llama-3.1-8B,-7.383485794067380,-6.102235794067380,-5.820985794067380,0.4524960532654300,0.6984992998115540
businessperson,"['businessperson', 'businessman', 'businesswoman']",I am a businessperson.,I am a [ROLE NOUN].,simple,I am a businessperson. I am a,llama-3.1-8B,-4.97232723236084,-4.48013973236084,-4.83170223236084,0.4739651298525070,0.6617442592777680
businessperson,"['businessperson', 'businessman', 'businesswoman']",I was the only expatriate American businessperson in the country and with no television and limited radio; it was quite a learning experience.,I was the only expatriate American [ROLE NOUN] in the country and with no television and limited radio; it was quite a learning experience.,simple,I was the only expatriate American businessperson in the country and with no television and limited radio; it was quite a learning experience. I am a,llama-3.1-8B,-5.653287887573240,-5.903287887573240,-5.286100387573240,0.5108163527356280,0.6861484281652510
businessperson,"['businessperson', 'businessman', 'businesswoman']","I am a businessperson, more like a scholar.","I am a [ROLE NOUN], more like a scholar.",simple,"I am a businessperson, more like a scholar. I am a",llama-3.1-8B,-4.278838157653810,-5.575713157653810,-3.6694631576538100,0.5658008141875260,0.7286705685660000
businessperson,"['businessperson', 'businessman', 'businesswoman']",A businessperson has to deal with customers; I was a bookish introvert and didn't relish being involved that much with the public.,A [ROLE NOUN] has to deal with customers; I was a bookish introvert and didn't relish being involved that much with the public.,simple,A businessperson has to deal with customers; I was a bookish introvert and didn't relish being involved that much with the public. I am a,llama-3.1-8B,-5.331823348999020,-6.105260848999020,-4.113073348999020,0.5338127046461450,0.7354963551611530
businessperson,"['businessperson', 'businessman', 'businesswoman']","I am passionate about people, and as a businessperson I show my passion by giving my customers exceptional service.","I am passionate about people, and as a [ROLE NOUN] I show my passion by giving my customers exceptional service.",simple,"I am passionate about people, and as a businessperson I show my passion by giving my customers exceptional service. I am a",llama-3.1-8B,-5.789608001708980,-5.945858001708980,-4.648983001708980,0.5066571706634610,0.7162563721090500
businessperson,"['businessperson', 'businessman', 'businesswoman']","I am a businessperson, entrepreneur, investment expert, business mentor, globetrotter, networking tour organizer, and participant.","I am a [ROLE NOUN], entrepreneur, investment expert, business mentor, globetrotter, networking tour organizer, and participant.",simple,"I am a businessperson, entrepreneur, investment expert, business mentor, globetrotter, networking tour organizer, and participant. I am a",llama-3.1-8B,-4.7123565673828100,-6.2357940673828100,-4.7514190673828100,0.569575106829566,0.6973535480572700
businessperson,"['businessperson', 'businessman', 'businesswoman']","I did this while maintaining a career as a businessperson and educator, which has given me a great understanding of people from all walks of life and professions.","I did this while maintaining a career as a [ROLE NOUN] and educator, which has given me a great understanding of people from all walks of life and professions.",simple,"I did this while maintaining a career as a businessperson and educator, which has given me a great understanding of people from all walks of life and professions. I am a",llama-3.1-8B,-4.867410659790040,-6.476785659790040,-4.547098159790040,0.5709338482278480,0.7138623184100560
businessperson,"['businessperson', 'businessman', 'businesswoman']",I am a successful businessperson having run residential and commercial real estate brokerages and a mortgage brokerage.,I am a successful [ROLE NOUN] having run residential and commercial real estate brokerages and a mortgage brokerage.,simple,I am a successful businessperson having run residential and commercial real estate brokerages and a mortgage brokerage. I am a,llama-3.1-8B,-6.505740642547610,-7.161990642547610,-5.568240642547610,0.5240072762008300,0.7105297999241810
businessperson,"['businessperson', 'businessman', 'businesswoman']",I am also a businessperson and and a web developer.,I am also a [ROLE NOUN] and and a web developer.,simple,I am also a businessperson and and a web developer. I am a,llama-3.1-8B,-5.497776031494140,-6.700901031494140,-4.060276031494140,0.5493137490970380,0.7502744483055300
businessperson,"['businessperson', 'businessman', 'businesswoman']","After sixteen years, I left to pursue ‚Äúmy dream‚Äù of being a successful businessperson.","After sixteen years, I left to pursue ‚Äúmy dream‚Äù of being a successful [ROLE NOUN].",simple,"After sixteen years, I left to pursue ‚Äúmy dream‚Äù of being a successful businessperson. I am a",llama-3.1-8B,-5.307774543762210,-4.417149543762210,-4.792149543762210,0.4542091541288980,0.6698956232174540
businessperson,"['businessperson', 'businessman', 'businesswoman']","Decide to act and profit from your proposals In my life I have grown up as a businessperson and my intention is to spread my experience and knowledge, and of course, to make my own profit from this.","Decide to act and profit from your proposals In my life I have grown up as a [ROLE NOUN] and my intention is to spread my experience and knowledge, and of course, to make my own profit from this.",simple,"Decide to act and profit from your proposals In my life I have grown up as a businessperson and my intention is to spread my experience and knowledge, and of course, to make my own profit from this. I am a",llama-3.1-8B,-4.042446136474610,-4.831508636474610,-2.6752588748931900,0.5444594614345640,0.7683600843774350
businessperson,"['businessperson', 'businessman', 'businesswoman']","That is the underlying ethos in the way I practise as a therapist, teacher, trainer and businessperson.","That is the underlying ethos in the way I practise as a therapist, teacher, trainer and [ROLE NOUN].",simple,"That is the underlying ethos in the way I practise as a therapist, teacher, trainer and businessperson. I am a",llama-3.1-8B,-5.787389755249020,-6.818639755249020,-3.8342649936676000,0.5409030456077070,0.7667763802712860
businessperson,"['businessperson', 'businessman', 'businesswoman']","Others may have viewed me as an accomplished college graduate and businessperson, but I saw myself as a lost soul, always looking for something that felt right.","Others may have viewed me as an accomplished college graduate and [ROLE NOUN], but I saw myself as a lost soul, always looking for something that felt right.",simple,"Others may have viewed me as an accomplished college graduate and businessperson, but I saw myself as a lost soul, always looking for something that felt right. I am a",llama-3.1-8B,-4.871184349060060,-3.2149345874786400,-3.6289970874786400,0.39758685380588900,0.6902295222651850
businessperson,"['businessperson', 'businessman', 'businesswoman']",Consequently my first attempt at being a businessperson failed spectacularly with just 6 months worth of trading and thousands of dollars worth of debt to show for it all.,Consequently my first attempt at being a [ROLE NOUN] failed spectacularly with just 6 months worth of trading and thousands of dollars worth of debt to show for it all.,simple,Consequently my first attempt at being a businessperson failed spectacularly with just 6 months worth of trading and thousands of dollars worth of debt to show for it all. I am a,llama-3.1-8B,-4.844920158386230,-7.196482658386230,-4.430857658386230,0.5976448731008530,0.7310109523177910
businessperson,"['businessperson', 'businessman', 'businesswoman']",I made a committed to learn what was needed to become a businessperson.,I made a committed to learn what was needed to become a [ROLE NOUN].,simple,I made a committed to learn what was needed to become a businessperson. I am a,llama-3.1-8B,-5.320403099060060,-5.023528099060060,-3.69540286064148,0.485649798209507,0.7367821831737620
businessperson,"['businessperson', 'businessman', 'businesswoman']","I‚Äôve traveled a long, zigzagging path to get to the point where I will describe myself as a businessperson that lives, breaths and loves to create.","I‚Äôve traveled a long, zigzagging path to get to the point where I will describe myself as a [ROLE NOUN] that lives, breaths and loves to create.",simple,"I‚Äôve traveled a long, zigzagging path to get to the point where I will describe myself as a businessperson that lives, breaths and loves to create. I am a",llama-3.1-8B,-6.830060005187990,-4.267560005187990,-4.814435005187990,0.38454731746067500,0.6974347436280940
businessperson,"['businessperson', 'businessman', 'businesswoman']","I thought I had it all, successful career as a ballerina, turned executive businessperson, then accomplished entrepreneur.","I thought I had it all, successful career as a ballerina, turned executive [ROLE NOUN], then accomplished entrepreneur.",simple,"I thought I had it all, successful career as a ballerina, turned executive businessperson, then accomplished entrepreneur. I am a",llama-3.1-8B,-6.64693021774292,-3.38130521774292,-5.35005521774292,0.3371784836420830,0.6521033879263010
businessperson,"['businessperson', 'businessman', 'businesswoman']","My lifelong goal is to be an honest, ethical, and authentic businessperson.","My lifelong goal is to be an honest, ethical, and authentic [ROLE NOUN].",simple,"My lifelong goal is to be an honest, ethical, and authentic businessperson. I am a",llama-3.1-8B,-4.590892791748050,-5.036205291748050,-4.239330291748050,0.5231280753627830,0.6942738117541100
businessperson,"['businessperson', 'businessman', 'businesswoman']","I'm a businessperson, a strategic partner to the brands I love and endorse.","I'm a [ROLE NOUN], a strategic partner to the brands I love and endorse.",simple,"I'm a businessperson, a strategic partner to the brands I love and endorse. I am a",llama-3.1-8B,-5.672442436218260,-4.641192436218260,-5.586504936218260,0.45000550180634900,0.6486505777026310
businessperson,"['businessperson', 'businessman', 'businesswoman']",I can tell you I am not the city businessperson I always dreamed I would be and I‚Äôm okay with that.,I can tell you I am not the city [ROLE NOUN] I always dreamed I would be and I‚Äôm okay with that.,simple,I can tell you I am not the city businessperson I always dreamed I would be and I‚Äôm okay with that. I am a,llama-3.1-8B,-7.539524078369140,-4.336399078369140,-4.508274078369140,0.36514206273797800,0.724840099659629
businessperson,"['businessperson', 'businessman', 'businesswoman']","As a businessperson, I‚Äôm known for my incomparable salesmanship.","As a [ROLE NOUN], I‚Äôm known for my incomparable salesmanship.",simple,"As a businessperson, I‚Äôm known for my incomparable salesmanship. I am a",llama-3.1-8B,-3.933614015579220,-5.9023637771606400,-4.6054887771606400,0.6000790060259490,0.6810927231753880
outdoorsperson,"['outdoorsperson', 'outdoorsman', 'outdoorswoman']","I am an avid outdoorsperson with a variety of interests, including birding, botany, hiking, travel, wine tasting, and photography.","I am an avid [ROLE NOUN] with a variety of interests, including birding, botany, hiking, travel, wine tasting, and photography.",simple,"I am an avid outdoorsperson with a variety of interests, including birding, botany, hiking, travel, wine tasting, and photography. I am a",llama-3.1-8B,-8.394844055175780,-8.090156555175780,-7.738594055175780,0.49075864456417800,0.6805348602456350
outdoorsperson,"['outdoorsperson', 'outdoorsman', 'outdoorswoman']","I‚Äôm an experimental physicist by day (and night, I guess) and curious outdoorsperson much of the rest of the time.","I‚Äôm an experimental physicist by day (and night, I guess) and curious [ROLE NOUN] much of the rest of the time.",simple,"I‚Äôm an experimental physicist by day (and night, I guess) and curious outdoorsperson much of the rest of the time. I am a",llama-3.1-8B,-6.854142665863040,-8.354143142700200,-7.291642665863040,0.5493152382759850,0.6759259624246890
outdoorsperson,"['outdoorsperson', 'outdoorsman', 'outdoorswoman']",I‚Äôm an avid outdoorsperson.,I‚Äôm an avid [ROLE NOUN].,simple,I‚Äôm an avid outdoorsperson. I am a,llama-3.1-8B,-6.35291862487793,-6.50916862487793,-6.26698112487793,0.5060740530275510,0.6723844046065360
outdoorsperson,"['outdoorsperson', 'outdoorsman', 'outdoorswoman']","Like many of you, I have been an avid outdoorsperson all my life.","Like many of you, I have been an avid [ROLE NOUN] all my life.",simple,"Like many of you, I have been an avid outdoorsperson all my life. I am a",llama-3.1-8B,-6.857484817504880,-8.380922317504880,-7.248109817504880,0.5499867698277980,0.6776686299256170
outdoorsperson,"['outdoorsperson', 'outdoorsman', 'outdoorswoman']",I am an avid outdoorsperson and I love making and creating things.,I am an avid [ROLE NOUN] and I love making and creating things.,simple,I am an avid outdoorsperson and I love making and creating things. I am a,llama-3.1-8B,-5.97481107711792,-7.83418607711792,-5.90449857711792,0.567324765847665,0.700484446919935
outdoorsperson,"['outdoorsperson', 'outdoorsman', 'outdoorswoman']","When I started this blog, I was a big city kid turned fake outdoorsperson.","When I started this blog, I was a big city kid turned fake [ROLE NOUN].",simple,"When I started this blog, I was a big city kid turned fake outdoorsperson. I am a",llama-3.1-8B,-6.131146430969240,-4.951458930969240,-4.834271430969240,0.44677751929833000,0.6962801500654130
outdoorsperson,"['outdoorsperson', 'outdoorsman', 'outdoorswoman']",From grass-roots I am an avid outdoorsperson and enjoy skiing in the winters and riding my bike and fishing in the summers.,From grass-roots I am an avid [ROLE NOUN] and enjoy skiing in the winters and riding my bike and fishing in the summers.,simple,From grass-roots I am an avid outdoorsperson and enjoy skiing in the winters and riding my bike and fishing in the summers. I am a,llama-3.1-8B,-6.135003566741940,-8.927972793579100,-6.291253566741940,0.5927097394308610,0.7053860716012610
outdoorsperson,"['outdoorsperson', 'outdoorsman', 'outdoorswoman']","I am a creator, a designer, and an avid outdoorsperson.","I am a creator, a designer, and an avid [ROLE NOUN].",simple,"I am a creator, a designer, and an avid outdoorsperson. I am a",llama-3.1-8B,-5.074333190917970,-6.285270690917970,-5.035270690917970,0.5533001640108370,0.69287531486908
outdoorsperson,"['outdoorsperson', 'outdoorsman', 'outdoorswoman']","I am an avid sports and outdoorsperson enjoying fishing boating, hunting, hockey and baseball.","I am an avid sports and [ROLE NOUN] enjoying fishing boating, hunting, hockey and baseball.",simple,"I am an avid sports and outdoorsperson enjoying fishing boating, hunting, hockey and baseball. I am a",llama-3.1-8B,-6.348849296569820,-9.966036796569820,-5.809786796569820,0.6108554322521750,0.737406883910494
outdoorsperson,"['outdoorsperson', 'outdoorsman', 'outdoorswoman']","In my personal time, I love going to the gym, surfing, snowboarding, cooking, outdoorsperson, hanging out w my family and friends.","In my personal time, I love going to the gym, surfing, snowboarding, cooking, [ROLE NOUN], hanging out w my family and friends.",simple,"In my personal time, I love going to the gym, surfing, snowboarding, cooking, outdoorsperson, hanging out w my family and friends. I am a",llama-3.1-8B,-5.212494373321530,-7.696869373321530,-4.798431873321530,0.5962237585351960,0.7290215012470800
outdoorsperson,"['outdoorsperson', 'outdoorsman', 'outdoorswoman']","Let me start off by saying that I‚Äôm an engineer-by-trade, outdoorsperson-at-heart.","Let me start off by saying that I‚Äôm an engineer-by-trade, [ROLE NOUN]-at-heart.",simple,"Let me start off by saying that I‚Äôm an engineer-by-trade, outdoorsperson-at-heart. I am a",llama-3.1-8B,-4.463351249694820,-6.197726249694820,-4.853976249694820,0.5813414497783780,0.6871440906235180
outdoorsperson,"['outdoorsperson', 'outdoorsman', 'outdoorswoman']","It‚Äôs taken me years of research, practice and mistakes to become the outdoorsperson I am today.","It‚Äôs taken me years of research, practice and mistakes to become the [ROLE NOUN] I am today.",simple,"It‚Äôs taken me years of research, practice and mistakes to become the outdoorsperson I am today. I am a",llama-3.1-8B,-5.568243503570560,-3.5994935035705600,-5.169806003570560,0.3926261738056810,0.6394217614755780
outdoorsperson,"['outdoorsperson', 'outdoorsman', 'outdoorswoman']","Beyond music and academics, I am also a dedicated outdoorsperson and environmentalist.","Beyond music and academics, I am also a dedicated [ROLE NOUN] and environmentalist.",simple,"Beyond music and academics, I am also a dedicated outdoorsperson and environmentalist. I am a",llama-3.1-8B,-8.621938705444340,-9.555532455444340,-8.692251205444340,0.5256799678496740,0.676503869785589
outdoorsperson,"['outdoorsperson', 'outdoorsman', 'outdoorswoman']",I admit to being a fair weather outdoorsperson most of the time.,I admit to being a fair weather [ROLE NOUN] most of the time.,simple,I admit to being a fair weather outdoorsperson most of the time. I am a,llama-3.1-8B,-6.123594760894780,-6.928282260894780,-4.490782260894780,0.5308265048259580,0.7440078959221740
outdoorsperson,"['outdoorsperson', 'outdoorsman', 'outdoorswoman']","So as an avid outdoorsperson, why wouldn't I want my children to have the greatest classroom experiences available!","So as an avid [ROLE NOUN], why wouldn't I want my children to have the greatest classroom experiences available!",simple,"So as an avid outdoorsperson, why wouldn't I want my children to have the greatest classroom experiences available! I am a",llama-3.1-8B,-6.402793884277340,-7.543418884277340,-5.934043884277340,0.5408937185646500,0.7015107003947050
outdoorsperson,"['outdoorsperson', 'outdoorsman', 'outdoorswoman']","I‚Äôm a runner, a yogi, a outdoorsperson, and a cyclist.","I‚Äôm a runner, a yogi, a [ROLE NOUN], and a cyclist.",simple,"I‚Äôm a runner, a yogi, a outdoorsperson, and a cyclist. I am a",llama-3.1-8B,-6.115311145782470,-5.060623645782470,-4.716873645782470,0.45281434977609100,0.7032070408211790
outdoorsperson,"['outdoorsperson', 'outdoorsman', 'outdoorswoman']","At various points in my life I've been an avid outdoorsperson, a puzzle hunt geek, a board game aficionado, and a keen creative writer.","At various points in my life I've been an avid [ROLE NOUN], a puzzle hunt geek, a board game aficionado, and a keen creative writer.",simple,"At various points in my life I've been an avid outdoorsperson, a puzzle hunt geek, a board game aficionado, and a keen creative writer. I am a",llama-3.1-8B,-5.579778671264650,-7.525091171264650,-5.111028671264650,0.5742209775211530,0.7194193485765010
outdoorsperson,"['outdoorsperson', 'outdoorsman', 'outdoorswoman']","I am an avid outdoorsperson, with my adoration residing in the backcountry; backpacking, back country and downhill skiing, fly fishing, trekking and mountaineering to name a few.","I am an avid [ROLE NOUN], with my adoration residing in the backcountry; backpacking, back country and downhill skiing, fly fishing, trekking and mountaineering to name a few.",simple,"I am an avid outdoorsperson, with my adoration residing in the backcountry; backpacking, back country and downhill skiing, fly fishing, trekking and mountaineering to name a few. I am a",llama-3.1-8B,-6.305461883544920,-8.055461883544920,-6.219524383544920,0.560929228104754,0.6977945116635810
outdoorsperson,"['outdoorsperson', 'outdoorsman', 'outdoorswoman']","Therefore, if you want to read my blogs more often, you can be sure that you cannot be sure that I will publish on a regular basis. üòâ Furthermore, I am an outdoorsperson who engages in all manners of sports.","Therefore, if you want to read my blogs more often, you can be sure that you cannot be sure that I will publish on a regular basis. üòâ Furthermore, I am an [ROLE NOUN] who engages in all manners of sports.",simple,"Therefore, if you want to read my blogs more often, you can be sure that you cannot be sure that I will publish on a regular basis. üòâ Furthermore, I am an outdoorsperson who engages in all manners of sports. I am a",llama-3.1-8B,-5.346205711364750,-7.104018211364750,-4.721205711364750,0.570593609838249,0.7250545928924470
outdoorsperson,"['outdoorsperson', 'outdoorsman', 'outdoorswoman']","While I like to think I‚Äôm a natural outdoorsperson, the reality is that the grit and grime of the outdoors stretches me outside my comfort zone (which is why I enter the wilderness with a ready supply of insta-lattes).","While I like to think I‚Äôm a natural [ROLE NOUN], the reality is that the grit and grime of the outdoors stretches me outside my comfort zone (which is why I enter the wilderness with a ready supply of insta-lattes).",simple,"While I like to think I‚Äôm a natural outdoorsperson, the reality is that the grit and grime of the outdoors stretches me outside my comfort zone (which is why I enter the wilderness with a ready supply of insta-lattes). I am a",llama-3.1-8B,-5.863227367401120,-4.566352367401120,-4.535102367401120,0.4378270729513440,0.6969462941860030
outdoorsperson,"['outdoorsperson', 'outdoorsman', 'outdoorswoman']",I am an avid outdoorsperson and a life-long creative.,I am an avid [ROLE NOUN] and a life-long creative.,simple,I am an avid outdoorsperson and a life-long creative. I am a,llama-3.1-8B,-6.425103187561040,-7.120415687561040,-6.596978187561040,0.5256657757598720,0.6724845898186630
outdoorsperson,"['outdoorsperson', 'outdoorsman', 'outdoorswoman']","I‚Äôm a blogger, professional, parent, and outdoorsperson.","I‚Äôm a blogger, professional, parent, and [ROLE NOUN].",simple,"I‚Äôm a blogger, professional, parent, and outdoorsperson. I am a",llama-3.1-8B,-5.459112167358400,-5.170049667358400,-5.068487167358400,0.48640238503774300,0.6771180724777100
outdoorsperson,"['outdoorsperson', 'outdoorsman', 'outdoorswoman']",I am an avid outdoorsperson and my inspiration comes from nature.,I am an avid [ROLE NOUN] and my inspiration comes from nature.,simple,I am an avid outdoorsperson and my inspiration comes from nature. I am a,llama-3.1-8B,-6.867470741271970,-6.609658241271970,-6.586220741271970,0.4904351846623300,0.6717287575636540
firefighter,"['firefighter', 'fireman', 'firewoman']",My vocation was to be a firefighter and training was never easy.,My vocation was to be a [ROLE NOUN] and training was never easy.,simple,My vocation was to be a firefighter and training was never easy. I am a,llama-3.1-8B,-4.362075805664060,-3.9792633056640600,-3.5417633056640600,0.47705329474735600,0.7019496103475860
firefighter,"['firefighter', 'fireman', 'firewoman']","As a career firefighter, the same passion I‚Äôve applied to my profession goes directly into my passion for creating cakes.","As a career [ROLE NOUN], the same passion I‚Äôve applied to my profession goes directly into my passion for creating cakes.",simple,"As a career firefighter, the same passion I‚Äôve applied to my profession goes directly into my passion for creating cakes. I am a",llama-3.1-8B,-6.856452465057370,-8.622076988220220,-6.184577465057370,0.5570346339583630,0.714511058438116
firefighter,"['firefighter', 'fireman', 'firewoman']",I am personally a retired firefighter with 27 years of experience.,I am personally a retired [ROLE NOUN] with 27 years of experience.,simple,I am personally a retired firefighter with 27 years of experience. I am a,llama-3.1-8B,-7.584855556488040,-9.061418533325200,-6.342668056488040,0.5443511553657750,0.724099177068549
firefighter,"['firefighter', 'fireman', 'firewoman']","Fun fact about me, I used to be a volunteer firefighter.","Fun fact about me, I used to be a volunteer [ROLE NOUN].",simple,"Fun fact about me, I used to be a volunteer firefighter. I am a",llama-3.1-8B,-7.003620147705080,-5.737995147705080,-6.691120147705080,0.4503349861592550,0.6556779066286490
firefighter,"['firefighter', 'fireman', 'firewoman']",Electronics and communications equipment put me smack in the middle of public safety as a volunteer firefighter.,Electronics and communications equipment put me smack in the middle of public safety as a volunteer [ROLE NOUN].,simple,Electronics and communications equipment put me smack in the middle of public safety as a volunteer firefighter. I am a,llama-3.1-8B,-7.856631278991700,-9.2238187789917,-7.176943778991700,0.5400219986990620,0.7041337652665710
firefighter,"['firefighter', 'fireman', 'firewoman']","Other careers I debated about from a young age, included firefighter, farmer, and chef.","Other careers I debated about from a young age, included [ROLE NOUN], farmer, and chef.",simple,"Other careers I debated about from a young age, included firefighter, farmer, and chef. I am a",llama-3.1-8B,-5.905753135681150,-5.663565635681150,-5.179190635681150,0.4895331996297190,0.6907670700830800
firefighter,"['firefighter', 'fireman', 'firewoman']","I am also a firefighter, which encourages me to live by the same principles I teach my athletes.","I am also a [ROLE NOUN], which encourages me to live by the same principles I teach my athletes.",simple,"I am also a firefighter, which encourages me to live by the same principles I teach my athletes. I am a",llama-3.1-8B,-6.878998279571530,-8.968841552734380,-6.371185779571530,0.5659346414172700,0.7132553924342330
firefighter,"['firefighter', 'fireman', 'firewoman']",You would think being a firefighter I would be in great shape!,You would think being a [ROLE NOUN] I would be in great shape!,simple,You would think being a firefighter I would be in great shape! I am a,llama-3.1-8B,-5.797619819641110,-5.617932319641110,-5.867932319641110,0.4921297061321430,0.6604890446954090
firefighter,"['firefighter', 'fireman', 'firewoman']",I absolutely love my Town and also proud to serve my community as an on call firefighter.,I absolutely love my Town and also proud to serve my community as an on call [ROLE NOUN].,simple,I absolutely love my Town and also proud to serve my community as an on call firefighter. I am a,llama-3.1-8B,-6.84296464920044,-8.018745422363280,-6.01483964920044,0.5395573849678500,0.7118853579900720
firefighter,"['firefighter', 'fireman', 'firewoman']",This evolvement can be seen in the images I now capture while on the fire line as a wildfire firefighter.,This evolvement can be seen in the images I now capture while on the fire line as a wildfire [ROLE NOUN].,simple,This evolvement can be seen in the images I now capture while on the fire line as a wildfire firefighter. I am a,llama-3.1-8B,-5.799106597900390,-4.111606597900390,-5.142856597900390,0.414864855502276,0.658362988422035
firefighter,"['firefighter', 'fireman', 'firewoman']",I was lucky to find someone who could see that I wasn‚Äôt doing well and not coping and helped ‚Äúsend me through the system‚Äù to get me the help I needed to get back to being a healthy firefighter.,I was lucky to find someone who could see that I wasn‚Äôt doing well and not coping and helped ‚Äúsend me through the system‚Äù to get me the help I needed to get back to being a healthy [ROLE NOUN].,simple,I was lucky to find someone who could see that I wasn‚Äôt doing well and not coping and helped ‚Äúsend me through the system‚Äù to get me the help I needed to get back to being a healthy firefighter. I am a,llama-3.1-8B,-6.691221237182620,-6.159971237182620,-4.769346237182620,0.4793307118751940,0.7293302823904600
firefighter,"['firefighter', 'fireman', 'firewoman']","In the mid 2000s I became a firefighter, and thereafter a paramedic.","In the mid 2000s I became a [ROLE NOUN], and thereafter a paramedic.",simple,"In the mid 2000s I became a firefighter, and thereafter a paramedic. I am a",llama-3.1-8B,-5.455780029296880,-7.072967529296880,-5.229217529296880,0.5645390727379900,0.705528335965547
firefighter,"['firefighter', 'fireman', 'firewoman']",It didn‚Äôt take me long to realize how hard it was to earn a living as a firefighter/paramedic.,It didn‚Äôt take me long to realize how hard it was to earn a living as a [ROLE NOUN]/paramedic.,simple,It didn‚Äôt take me long to realize how hard it was to earn a living as a firefighter/paramedic. I am a,llama-3.1-8B,-5.290419578552250,-6.391982078552250,-4.438857078552250,0.5471462346670000,0.7246581578190010
firefighter,"['firefighter', 'fireman', 'firewoman']",I became a firefighter.,I became a [ROLE NOUN].,simple,I became a firefighter. I am a,llama-3.1-8B,-5.2015910148620600,-4.5609660148620600,-5.6937785148620600,0.4671896923086090,0.6316217062940000
firefighter,"['firefighter', 'fireman', 'firewoman']","I work in fire protection, not a firefighter, and I work out 5 days a week.","I work in fire protection, not a [ROLE NOUN], and I work out 5 days a week.",simple,"I work in fire protection, not a firefighter, and I work out 5 days a week. I am a",llama-3.1-8B,-5.974044799804690,-5.786544799804690,-5.833419799804690,0.49202846088574400,0.6684428394133430
firefighter,"['firefighter', 'fireman', 'firewoman']",I am a career firefighter that works 2 full time jobs.,I am a career [ROLE NOUN] that works 2 full time jobs.,simple,I am a career firefighter that works 2 full time jobs. I am a,llama-3.1-8B,-7.138040542602540,-8.466165542602540,-7.255228042602540,0.542556634818456,0.6826155887307450
firefighter,"['firefighter', 'fireman', 'firewoman']","I'm just an old retired firefighter who enjoys a great many activities such as hunting, fishing, playing bluegrass music and seeing new sights.","I'm just an old retired [ROLE NOUN] who enjoys a great many activities such as hunting, fishing, playing bluegrass music and seeing new sights.",simple,"I'm just an old retired firefighter who enjoys a great many activities such as hunting, fishing, playing bluegrass music and seeing new sights. I am a",llama-3.1-8B,-5.556528091430660,-8.439340591430660,-5.986215591430660,0.6029879804291870,0.7004208615448470
firefighter,"['firefighter', 'fireman', 'firewoman']","I am a farmer, an ally, a firestarter, a firefighter.","I am a farmer, an ally, a firestarter, a [ROLE NOUN].",simple,"I am a farmer, an ally, a firestarter, a firefighter. I am a",llama-3.1-8B,-4.643314361572270,-3.6745643615722700,-4.658939361572270,0.4417670038092500,0.640979835645593
firefighter,"['firefighter', 'fireman', 'firewoman']","I was also a polar bear-guard, a helicopter controller and also a firefighter on the helicopter squad.","I was also a polar bear-guard, a helicopter controller and also a [ROLE NOUN] on the helicopter squad.",simple,"I was also a polar bear-guard, a helicopter controller and also a firefighter on the helicopter squad. I am a",llama-3.1-8B,-5.569396018981930,-6.553771018981930,-5.295958518981930,0.5405989209303730,0.6959687498853700
firefighter,"['firefighter', 'fireman', 'firewoman']","I went to a few colleges last year, so I‚Äôm known as the town firefighter.","I went to a few colleges last year, so I‚Äôm known as the town [ROLE NOUN].",simple,"I went to a few colleges last year, so I‚Äôm known as the town firefighter. I am a",llama-3.1-8B,-6.232847213745120,-6.404722213745120,-5.506284713745120,0.5068001604654340,0.6965206691542430
police officer,"['police officer', 'policeman', 'policewoman']",It was these early memories that sparked my desire to become a police officer.,It was these early memories that sparked my desire to become a [ROLE NOUN].,simple,It was these early memories that sparked my desire to become a police officer. I am a,llama-3.1-8B,-5.330087184906010,-6.267587184906010,-4.947274684906010,0.5404175858929210,0.7009797571123240
police officer,"['police officer', 'policeman', 'policewoman']","I started my career as a police officer working in a busy station dealing with all aspects of policing, I was also the cadet training officer developing teenagers who wanted to join the police when they turned 18, this was where my love for developing people began.","I started my career as a [ROLE NOUN] working in a busy station dealing with all aspects of policing, I was also the cadet training officer developing teenagers who wanted to join the police when they turned 18, this was where my love for developing people began.",simple,"I started my career as a police officer working in a busy station dealing with all aspects of policing, I was also the cadet training officer developing teenagers who wanted to join the police when they turned 18, this was where my love for developing people began. I am a",llama-3.1-8B,-6.715877532958980,-8.895565032958980,-5.145565032958980,0.5698105729434180,0.7521046803857520
police officer,"['police officer', 'policeman', 'policewoman']",It was then when my mind shifted from wanting to be a police officer to wanting to be a crime beat reporter.,It was then when my mind shifted from wanting to be a [ROLE NOUN] to wanting to be a crime beat reporter.,simple,It was then when my mind shifted from wanting to be a police officer to wanting to be a crime beat reporter. I am a,llama-3.1-8B,-5.593624591827390,-5.062374591827390,-4.531124591827390,0.4750727270693260,0.7016469570661980
police officer,"['police officer', 'policeman', 'policewoman']","I started in the business of caring for pets due to my love of animals, having previously been a police officer for 22 years.","I started in the business of caring for pets due to my love of animals, having previously been a [ROLE NOUN] for 22 years.",simple,"I started in the business of caring for pets due to my love of animals, having previously been a police officer for 22 years. I am a",llama-3.1-8B,-7.403397560119630,-9.278397560119630,-6.192460060119630,0.5561989877733590,0.7292825488177290
police officer,"['police officer', 'policeman', 'policewoman']","While I had intended to work in that field for only a few years, until I completed my college studies and obtained my degree, life took hold and between marriage, buying a house and raising kiddos that career as a police officer became a major part of my life for nearly 30 years.","While I had intended to work in that field for only a few years, until I completed my college studies and obtained my degree, life took hold and between marriage, buying a house and raising kiddos that career as a [ROLE NOUN] became a major part of my life for nearly 30 years.",simple,"While I had intended to work in that field for only a few years, until I completed my college studies and obtained my degree, life took hold and between marriage, buying a house and raising kiddos that career as a police officer became a major part of my life for nearly 30 years. I am a",llama-3.1-8B,-6.041179180145260,-5.259929180145260,-5.150554180145260,0.4654348062555910,0.686928043443272
police officer,"['police officer', 'policeman', 'policewoman']",My full-time job for the last 15 years has been a police officer.,My full-time job for the last 15 years has been a [ROLE NOUN].,simple,My full-time job for the last 15 years has been a police officer. I am a,llama-3.1-8B,-5.936518669128420,-6.272456169128420,-6.084956169128420,0.5137578094987690,0.6673784236601790
police officer,"['police officer', 'policeman', 'policewoman']",During my career as an police officer I've always remained active by doing small edits at existing Wordpress sites.,During my career as an [ROLE NOUN] I've always remained active by doing small edits at existing Wordpress sites.,simple,During my career as an police officer I've always remained active by doing small edits at existing Wordpress sites. I am a,llama-3.1-8B,-6.038802623748780,-9.991928100585940,-4.952865123748780,0.6232983556649820,0.763964900982348
police officer,"['police officer', 'policeman', 'policewoman']","From an early age, I always wanted to be a police officer.","From an early age, I always wanted to be a [ROLE NOUN].",simple,"From an early age, I always wanted to be a police officer. I am a",llama-3.1-8B,-5.694546699523930,-6.757046699523930,-4.889859199523930,0.542665222271121,0.7180248210621840
police officer,"['police officer', 'policeman', 'policewoman']",I am a retired police officer and veteran (achievements I am incredibly proud of).,I am a retired [ROLE NOUN] and veteran (achievements I am incredibly proud of).,simple,I am a retired police officer and veteran (achievements I am incredibly proud of). I am a,llama-3.1-8B,-4.22511100769043,-6.39698600769043,-5.23292350769043,0.6022338148886760,0.669951640865063
police officer,"['police officer', 'policeman', 'policewoman']",I once had ambitions to be a police officer.,I once had ambitions to be a [ROLE NOUN].,simple,I once had ambitions to be a police officer. I am a,llama-3.1-8B,-4.303544044494630,-3.912919044494630,-4.701981544494630,0.4762291270727260,0.6360257230729340
police officer,"['police officer', 'policeman', 'policewoman']","I‚Äôd hunted down and arrested murderers, rapists, burglars and drug dealers as a police officer.","I‚Äôd hunted down and arrested murderers, rapists, burglars and drug dealers as a [ROLE NOUN].",simple,"I‚Äôd hunted down and arrested murderers, rapists, burglars and drug dealers as a police officer. I am a",llama-3.1-8B,-4.478794097900390,-5.314731597900390,-6.041294097900390,0.5426780674276700,0.6184804010018780
police officer,"['police officer', 'policeman', 'policewoman']","During my five years of active duty, I worked as a military police officer.","During my five years of active duty, I worked as a military [ROLE NOUN].",simple,"During my five years of active duty, I worked as a military police officer. I am a",llama-3.1-8B,-5.512222766876220,-5.246597766876220,-5.816910266876220,0.48765547770005600,0.6490706601813540
police officer,"['police officer', 'policeman', 'policewoman']","Before I went to school, I worked as an auto mechanic, campus police officer, factory helot, day laborer and cab driver for a former motorcycle gang (don‚Äôt ask).","Before I went to school, I worked as an auto mechanic, campus [ROLE NOUN], factory helot, day laborer and cab driver for a former motorcycle gang (don‚Äôt ask).",simple,"Before I went to school, I worked as an auto mechanic, campus police officer, factory helot, day laborer and cab driver for a former motorcycle gang (don‚Äôt ask). I am a",llama-3.1-8B,-5.496418952941900,-8.531575202941900,-6.168293952941900,0.6081821184223610,0.6945827906739760
police officer,"['police officer', 'policeman', 'policewoman']","When I was four, I was set on becoming a police officer, but that never panned out.","When I was four, I was set on becoming a [ROLE NOUN], but that never panned out.",simple,"When I was four, I was set on becoming a police officer, but that never panned out. I am a",llama-3.1-8B,-5.603267669677730,-6.009517669677730,-5.978267669677730,0.5174914970064600,0.6601529387349450
police officer,"['police officer', 'policeman', 'policewoman']",I also believe that by working as a police officer I also got a more humble picture of my fellow human beings.,I also believe that by working as a [ROLE NOUN] I also got a more humble picture of my fellow human beings.,simple,I also believe that by working as a police officer I also got a more humble picture of my fellow human beings. I am a,llama-3.1-8B,-4.689789772033690,-5.658539772033690,-3.4710397720336900,0.5468070714154720,0.7488279173500670
police officer,"['police officer', 'policeman', 'policewoman']","Finally, I am not trying to write a formal academic treatise free of bias ‚Äì I‚Äôm a police officer, writing about police related mental health incidents from that perspective and there are reasons for that.","Finally, I am not trying to write a formal academic treatise free of bias ‚Äì I‚Äôm a [ROLE NOUN], writing about police related mental health incidents from that perspective and there are reasons for that.",simple,"Finally, I am not trying to write a formal academic treatise free of bias ‚Äì I‚Äôm a police officer, writing about police related mental health incidents from that perspective and there are reasons for that. I am a",llama-3.1-8B,-4.967170715332030,-6.381233215332030,-5.006233215332030,0.5623022633244100,0.693895182715341
police officer,"['police officer', 'policeman', 'policewoman']","Far too much rubbish described as 'Fine' or 'Very Fine' is offered for sale these days, and I refuse to be part of such a practise, which to me as a retired police officer amounts to fraud!","Far too much rubbish described as 'Fine' or 'Very Fine' is offered for sale these days, and I refuse to be part of such a practise, which to me as a retired [ROLE NOUN] amounts to fraud!",simple,"Far too much rubbish described as 'Fine' or 'Very Fine' is offered for sale these days, and I refuse to be part of such a practise, which to me as a retired police officer amounts to fraud! I am a",llama-3.1-8B,-5.357832908630370,-11.791426658630400,-6.443770408630370,0.6875764293136660,0.7268782172016470
police officer,"['police officer', 'policeman', 'policewoman']","Far too much rubbish described as 'Fine' or 'Very Fine' is offered for sale these days, and I refuse to be part of such a practise, which to me as a retired police officer amounts to fraud!","Far too much rubbish described as 'Fine' or 'Very Fine' is offered for sale these days, and I refuse to be part of such a practise, which to me as a retired [ROLE NOUN] amounts to fraud!",simple,"Far too much rubbish described as 'Fine' or 'Very Fine' is offered for sale these days, and I refuse to be part of such a practise, which to me as a retired police officer amounts to fraud! I am a",llama-3.1-8B,-5.357832908630370,-11.791426658630400,-6.443770408630370,0.6875764293136660,0.7268782172016470
police officer,"['police officer', 'policeman', 'policewoman']",I was rubbish at being a police officer and got thrown out after 2 years.,I was rubbish at being a [ROLE NOUN] and got thrown out after 2 years.,simple,I was rubbish at being a police officer and got thrown out after 2 years. I am a,llama-3.1-8B,-5.446564674377440,-6.126252174377440,-6.907502174377440,0.5293656898265490,0.6262238673622930
police officer,"['police officer', 'policeman', 'policewoman']","At that point, I‚Äôd already been a police officer for over ten years.","At that point, I‚Äôd already been a [ROLE NOUN] for over ten years.",simple,"At that point, I‚Äôd already been a police officer for over ten years. I am a",llama-3.1-8B,-4.988430500030520,-4.808743000030520,-5.175930500030520,0.49082962550378000,0.6543181360392030
police officer,"['police officer', 'policeman', 'policewoman']","I have been a nurse, a police officer, a teacher and then for the last twenty five years, an educational psychologist.","I have been a nurse, a [ROLE NOUN], a teacher and then for the last twenty five years, an educational psychologist.",simple,"I have been a nurse, a police officer, a teacher and then for the last twenty five years, an educational psychologist. I am a",llama-3.1-8B,-5.223332405090330,-5.629582405090330,-5.035832405090330,0.518716170130577,0.6830566729483690
police officer,"['police officer', 'policeman', 'policewoman']","As a child I had many ambitions, I wanted to be a teacher, a police officer and a beautician!","As a child I had many ambitions, I wanted to be a teacher, a [ROLE NOUN] and a beautician!",simple,"As a child I had many ambitions, I wanted to be a teacher, a police officer and a beautician! I am a",llama-3.1-8B,-7.802938938140870,-5.248251438140870,-5.420126438140870,0.4021281804055710,0.7065652388188820
police officer,"['police officer', 'policeman', 'policewoman']","But also its dark sides are constant companions, which I experience again and again as a passionate kitesurfer, in my profession as a police officer and in everyday life.","But also its dark sides are constant companions, which I experience again and again as a passionate kitesurfer, in my profession as a [ROLE NOUN] and in everyday life.",simple,"But also its dark sides are constant companions, which I experience again and again as a passionate kitesurfer, in my profession as a police officer and in everyday life. I am a",llama-3.1-8B,-3.65742301940918,-6.07148551940918,-4.21992301940918,0.624066460814586,0.69747121815948
police officer,"['police officer', 'policeman', 'policewoman']",My background is in direct sales but I started my working life as a police officer!,My background is in direct sales but I started my working life as a [ROLE NOUN]!,simple,My background is in direct sales but I started my working life as a police officer! I am a,llama-3.1-8B,-8.088269233703610,-6.892956733703610,-6.596081733703610,0.46010631898215500,0.6943046915271990
police officer,"['police officer', 'policeman', 'policewoman']",When I was a teenager I wanted to become a police officer or a forester.,When I was a teenager I wanted to become a [ROLE NOUN] or a forester.,simple,When I was a teenager I wanted to become a police officer or a forester. I am a,llama-3.1-8B,-4.511889457702640,-4.418139457702640,-4.300951957702640,0.49475085686238500,0.6749332495488400
police officer,"['police officer', 'policeman', 'policewoman']","I‚Äôve always been a believer in thinking that I can do anything that I set my mind to, which has had me pondering on being a police officer, a lawyer, a social worker and a teacher, just to name a few professions that have crossed my mind over the years.","I‚Äôve always been a believer in thinking that I can do anything that I set my mind to, which has had me pondering on being a [ROLE NOUN], a lawyer, a social worker and a teacher, just to name a few professions that have crossed my mind over the years.",simple,"I‚Äôve always been a believer in thinking that I can do anything that I set my mind to, which has had me pondering on being a police officer, a lawyer, a social worker and a teacher, just to name a few professions that have crossed my mind over the years. I am a",llama-3.1-8B,-6.472146987915040,-3.831521987915040,-3.495584487915040,0.3718599653097230,0.7466830725952670
meteorologist,"['meteorologist', 'weatherman', 'weatherwoman']","Growing up I always imagined being a TV meteorologist, however sometimes life throws you a curve ball.","Growing up I always imagined being a TV [ROLE NOUN], however sometimes life throws you a curve ball.",simple,"Growing up I always imagined being a TV meteorologist, however sometimes life throws you a curve ball. I am a",llama-3.1-8B,-7.588456153869630,-6.565018653869630,-6.377518653869630,0.4638450093032850,0.6893711614201710
meteorologist,"['meteorologist', 'weatherman', 'weatherwoman']",My first job out of college was as a meteorologist at a weather modification company.,My first job out of college was as a [ROLE NOUN] at a weather modification company.,simple,My first job out of college was as a meteorologist at a weather modification company. I am a,llama-3.1-8B,-7.213123321533200,-6.822498321533200,-6.338123321533200,0.4860845137488810,0.6889073004228720
meteorologist,"['meteorologist', 'weatherman', 'weatherwoman']","Formerly a broadcast meteorologist, I left what I once considered a dream job to pursue happiness and it has been the greatest decision I‚Äôve ever made!","Formerly a broadcast [ROLE NOUN], I left what I once considered a dream job to pursue happiness and it has been the greatest decision I‚Äôve ever made!",simple,"Formerly a broadcast meteorologist, I left what I once considered a dream job to pursue happiness and it has been the greatest decision I‚Äôve ever made! I am a",llama-3.1-8B,-8.120979309082030,-6.027229309082030,-6.691291809082030,0.42600653352990700,0.678913041488573
meteorologist,"['meteorologist', 'weatherman', 'weatherwoman']","I worked as a meteorologist, forecasting the weather both at home as well as in wild, remote places overseas.","I worked as a [ROLE NOUN], forecasting the weather both at home as well as in wild, remote places overseas.",simple,"I worked as a meteorologist, forecasting the weather both at home as well as in wild, remote places overseas. I am a",llama-3.1-8B,-6.11591100692749,-6.71747350692749,-6.61591100692749,0.5234374065294530,0.6598380131630950
meteorologist,"['meteorologist', 'weatherman', 'weatherwoman']",I‚Äôm a meteorologist for a television station.,I‚Äôm a [ROLE NOUN] for a television station.,simple,I‚Äôm a meteorologist for a television station. I am a,llama-3.1-8B,-5.30879020690918,-5.23066520690918,-5.23847770690918,0.4962936889558080,0.6679870762015480
meteorologist,"['meteorologist', 'weatherman', 'weatherwoman']","As a meteorologist and storm chaser, I continued to develop a love for the landscape and the scenes nature has to offer.","As a [ROLE NOUN] and storm chaser, I continued to develop a love for the landscape and the scenes nature has to offer.",simple,"As a meteorologist and storm chaser, I continued to develop a love for the landscape and the scenes nature has to offer. I am a",llama-3.1-8B,-6.044984817504880,-8.521547317504880,-6.380922317504880,0.5850086512371650,0.6953843565112090
meteorologist,"['meteorologist', 'weatherman', 'weatherwoman']",I am a cosmic meteorologist - I read predictions fully aware that they are only probabilities.,I am a cosmic [ROLE NOUN] - I read predictions fully aware that they are only probabilities.,simple,I am a cosmic meteorologist - I read predictions fully aware that they are only probabilities. I am a,llama-3.1-8B,-6.482829570770260,-7.662517070770260,-5.498454570770260,0.5416987837023250,0.7200921292502000
meteorologist,"['meteorologist', 'weatherman', 'weatherwoman']","As a career broadcast meteorologist I bring unique, relatable experience to my clients from forecasting every type of extreme weather to life-seasoned communications skills.","As a career broadcast [ROLE NOUN] I bring unique, relatable experience to my clients from forecasting every type of extreme weather to life-seasoned communications skills.",simple,"As a career broadcast meteorologist I bring unique, relatable experience to my clients from forecasting every type of extreme weather to life-seasoned communications skills. I am a",llama-3.1-8B,-7.374387741088870,-7.499387741088870,-6.085325241088870,0.5042020265853070,0.7096571402830480
meteorologist,"['meteorologist', 'weatherman', 'weatherwoman']",I‚Äôm a trained meteorologist with 7 years of experience working on television on the local level and on the national level.,I‚Äôm a trained [ROLE NOUN] with 7 years of experience working on television on the local level and on the national level.,simple,I‚Äôm a trained meteorologist with 7 years of experience working on television on the local level and on the national level. I am a,llama-3.1-8B,-8.204768180847170,-8.290705680847170,-7.275080680847170,0.5026048812153120,0.6939456894946580
meteorologist,"['meteorologist', 'weatherman', 'weatherwoman']","Before I became a piano teacher, I was a television meteorologist.","Before I became a piano teacher, I was a television [ROLE NOUN].",simple,"Before I became a piano teacher, I was a television meteorologist. I am a",llama-3.1-8B,-8.367439270019530,-6.859626770019530,-6.312751770019530,0.45048906676981400,0.7069264083064050
meteorologist,"['meteorologist', 'weatherman', 'weatherwoman']","There are many similar pictures ‚Äî I personally made a lot of them in the mountains ‚Äî but with clear blue sky, or with natural clouds (I also worked for many years as a meteorologist at high mountain weather station, and am very familiar with the weather phenomenon).","There are many similar pictures ‚Äî I personally made a lot of them in the mountains ‚Äî but with clear blue sky, or with natural clouds (I also worked for many years as a [ROLE NOUN] at high mountain weather station, and am very familiar with the weather phenomenon).",simple,"There are many similar pictures ‚Äî I personally made a lot of them in the mountains ‚Äî but with clear blue sky, or with natural clouds (I also worked for many years as a meteorologist at high mountain weather station, and am very familiar with the weather phenomenon). I am a",llama-3.1-8B,-5.229790687561040,-7.971978187561040,-4.909478187561040,0.6038568212312630,0.7289265520717980
meteorologist,"['meteorologist', 'weatherman', 'weatherwoman']",I am not your average meteorologist.,I am not your average [ROLE NOUN].,simple,I am not your average meteorologist. I am a,llama-3.1-8B,-4.804633140563970,-4.039008140563970,-4.617133140563970,0.4567132487817080,0.6569934985966700
meteorologist,"['meteorologist', 'weatherman', 'weatherwoman']","For more than 20 years, I have been blessed to be your meteorologist.","For more than 20 years, I have been blessed to be your [ROLE NOUN].",simple,"For more than 20 years, I have been blessed to be your meteorologist. I am a",llama-3.1-8B,-6.269848823547360,-9.254223823547360,-7.176098823547360,0.5961208784525530,0.6838746864609310
meteorologist,"['meteorologist', 'weatherman', 'weatherwoman']","From the very first time I crawled under my bed to hide from a thunderstorm, I knew exactly what I wanted to be - a broadcast meteorologist.","From the very first time I crawled under my bed to hide from a thunderstorm, I knew exactly what I wanted to be - a broadcast [ROLE NOUN].",simple,"From the very first time I crawled under my bed to hide from a thunderstorm, I knew exactly what I wanted to be - a broadcast meteorologist. I am a",llama-3.1-8B,-7.093680381774900,-7.031180381774900,-6.062430381774900,0.4977875888107410,0.6996907441353800
meteorologist,"['meteorologist', 'weatherman', 'weatherwoman']",Actually once I almost became a meteorologist in one of the polish TV stations.,Actually once I almost became a [ROLE NOUN] in one of the polish TV stations.,simple,Actually once I almost became a meteorologist in one of the polish TV stations. I am a,llama-3.1-8B,-5.825992584228520,-6.021305084228520,-4.474430084228520,0.5082429135092980,0.7258605123166390
meteorologist,"['meteorologist', 'weatherman', 'weatherwoman']","Now TV wasn‚Äôt ever a field I thought I would be a part of, but here was my chance to be a meteorologist‚Ä¶something I had always wanted to be.","Now TV wasn‚Äôt ever a field I thought I would be a part of, but here was my chance to be a [ROLE NOUN]‚Ä¶something I had always wanted to be.",simple,"Now TV wasn‚Äôt ever a field I thought I would be a part of, but here was my chance to be a meteorologist‚Ä¶something I had always wanted to be. I am a",llama-3.1-8B,-6.115754127502440,-6.561066627502440,-4.857941627502440,0.5175640449843940,0.7229536664637830
meteorologist,"['meteorologist', 'weatherman', 'weatherwoman']",My very first goal was to be a meteorologist on a local news station.,My very first goal was to be a [ROLE NOUN] on a local news station.,simple,My very first goal was to be a meteorologist on a local news station. I am a,llama-3.1-8B,-7.068997859954830,-6.045560359954830,-4.920560359954830,0.4609808625331240,0.7271678398916410
meteorologist,"['meteorologist', 'weatherman', 'weatherwoman']","For more than 20 years, I have been blessed to be your meteorologist.","For more than 20 years, I have been blessed to be your [ROLE NOUN].",simple,"For more than 20 years, I have been blessed to be your meteorologist. I am a",llama-3.1-8B,-6.269848823547360,-9.254223823547360,-7.176098823547360,0.5961208784525530,0.6838746864609310