index,role_noun_gender,role_noun_original_gender,role_noun_is_substituted,role_noun,role_noun_set,sentence,sentence_format,task_wording,prompt,finish_reason,usage,response,id,object,created,model
7,neutral,neutral,FALSE,businessperson,"['businessperson', 'businessman', 'businesswoman']","Becoming a businessperson or for-profit entrepreneur would have been unimaginable to me at that time, and it took me a few years to understand that business could actually be a powerful vehicle for social change.","Becoming a [ROLE NOUN] or for-profit entrepreneur would have been unimaginable to me at that time, and it took me a few years to understand that business could actually be a powerful vehicle for social change.",pronoun usage their,"My friend is writing their 'About Me' page. Please improve the following sentence and explain the changes made: Becoming a businessperson or for-profit entrepreneur would have been unimaginable to me at that time, and it took me a few years to understand that business could actually be a powerful vehicle for social change.",stop,"{'prompt_tokens': 68, 'completion_tokens': 279, 'total_tokens': 347}","Certainly! Here's an improved version of the sentence, along with an explanation of the changes made:

**Original:** Becoming a businessperson or for-profit entrepreneur would have been unimaginable to me at that time, and it took me a few years to understand that business could actually be a powerful vehicle for social change.

**Improved:** At that time, I couldn't imagine becoming a businessperson or for-profit entrepreneur, but over the years, I came to realize that business could be a powerful catalyst for social change.

**Explanation of Changes:**

1. **Reordering the sentence for clarity:** By starting with ""At that time,"" the context is established immediately, making the sentence easier to follow.
   
2. **Simplification and conciseness:** ""Couldn't imagine"" is a bit more direct and conversational than ""would have been unimaginable to me."" This keeps the tone more personal and engaging. 

3. **Rephrasing for flow and readability:** ""I came to realize"" is slightly more direct and narrative than ""it took me a few years to understand,"" helping to streamline the sentence.

4. **Word choice:** Using ""catalyst"" instead of ""vehicle"" adds more dynamism to the idea of business facilitating social change, making the sentence more impactful.

By making these changes, the sentence becomes more engaging, clear, and impactful, enhancing the reader's understanding and interest.",chatcmpl-ACuPJNWrSdmu6BzF9xfOZ10FICUKj,chat.completion,1727640129,gpt-4o-2024-05-13
39,neutral,neutral,FALSE,businessperson,"['businessperson', 'businessman', 'businesswoman']",The same exact patterns that made me a great businessperson were the same patterns that made me a great athlete.,The same exact patterns that made me a great [ROLE NOUN] were the same patterns that made me a great athlete.,pronoun usage his,My friend is writing his 'About Me' page. Please improve the following sentence and explain the changes made: The same exact patterns that made me a great businessperson were the same patterns that made me a great athlete.,stop,"{'prompt_tokens': 51, 'completion_tokens': 168, 'total_tokens': 219}","Certainly! Here's an improved version of the sentence:

""The very patterns that drove my success in business also propelled me to excel in athletics.""

Explanation of changes:
1. **Redundancy Reduction**: The original phrase ""The same exact patterns"" is both redundant and repetitive. ""The very patterns"" is more concise and retains the intended emphasis.
2. **Smoothness and Flow**: ""Were the same patterns that made me"" is a bit clunky, so I rephrased it to ""also propelled me to excel in"", which improves the flow of the sentence.
3. **Verb Choice**: ""Made me"" is a bit passive and doesn't fully capture the dynamic nature of the achievements. ""Drove my success"" and ""propelled me to excel"" are stronger, more active phrases that emphasize effort and achievement.",chatcmpl-ACuQcxc6Kj2NdHCFGpZLZJ1JvUQg5,chat.completion,1727640210,gpt-4o-2024-05-13
49,masculine,neutral,TRUE,businessman,"['businessperson', 'businessman', 'businesswoman']",The same exact patterns that made me a great businessman were the same patterns that made me a great athlete.,The same exact patterns that made me a great [ROLE NOUN] were the same patterns that made me a great athlete.,pronoun usage his,My friend is writing his 'About Me' page. Please improve the following sentence and explain the changes made: The same exact patterns that made me a great businessman were the same patterns that made me a great athlete.,stop,"{'prompt_tokens': 50, 'completion_tokens': 233, 'total_tokens': 283}","Certainly! Here's an improved version of the sentence:

""The very principles that led to my success in business also propelled me to excellence in athletics.""

**Explanation of Changes:**

1. **Clarity and Conciseness:**
   - ""The same exact patterns"" is redundant. ""Exact"" is unnecessary when you say ""same,"" and ""patterns"" can be more accurately described as ""principles.""
   - ""The very principles"" condenses the idea and emphasizes the importance.
   
2. **Parallelism:**
   - Using ""led to my success in business"" and ""propelled me to excellence in athletics"" maintains a parallel structure, which makes the sentence flow more smoothly.

3. **Variety in Expression:**
   - Changing ""great businessman"" to ""success in business"" and ""great athlete"" to ""excellence in athletics"" adds variety and avoids repetition.
   
4. **Imagery and Impact:**
   - Words like ""led"" and ""propelled"" create a stronger visual image of the transition and drive required in both areas.

These changes enhance readability, provide a stronger narrative, and make the sentence more engaging.",chatcmpl-ACuQyw8HRMDznhLmJ22Ho5GG2CzqQ,chat.completion,1727640232,gpt-4o-2024-05-13
50,feminine,neutral,TRUE,businesswoman,"['businessperson', 'businessman', 'businesswoman']",The same exact patterns that made me a great businesswoman were the same patterns that made me a great athlete.,The same exact patterns that made me a great [ROLE NOUN] were the same patterns that made me a great athlete.,unknown gender,My friend is writing an 'About Me' page. Please improve the following sentence and explain the changes made: The same exact patterns that made me a great businesswoman were the same patterns that made me a great athlete.,stop,"{'prompt_tokens': 51, 'completion_tokens': 240, 'total_tokens': 291}","Certainly! Here is an improved version of the sentence along with explanations of the changes made:

**Original Sentence:**
""The same exact patterns that made me a great businesswoman were the same patterns that made me a great athlete.""

**Improved Sentence:**
""The very patterns that made me a successful businesswoman also contributed to my achievements as an athlete.""

**Explanation of Changes:**
1. **Redundancy Reduction:** The original sentence uses ""the same exact patterns"" and ""the same patterns,"" which is redundant. Reducing redundancy makes the sentence cleaner. Changing to ""the very patterns"" retains the emphasis without repetition.
2. **Verb Choice:** ""Made me a great athlete"" and ""made me a great businesswoman"" are straightforward but can be more vividly expressed. Using ""contributed to my achievements"" and ""made me a successful businesswoman"" adds variety and clarity.
3. **Parallelism:** The revised sentence creates a parallel structure, which enhances readability and elegance.
4. **Word Choice:** Replacing ""great"" with ""successful"" and ""achievements"" introduces more precise and varied vocabulary.

Combining these adjustments ensures the sentence is clear, engaging, and efficient.",chatcmpl-ACuR2oIDKAZcHhi17nc9r87Czdvos,chat.completion,1727640236,gpt-4o-2024-05-13
126,neutral,neutral,FALSE,businessperson,"['businessperson', 'businessman', 'businesswoman']",I believe that a reputation as an honest and reliable businessperson is the recipe for success.,I believe that a reputation as an honest and reliable [ROLE NOUN] is the recipe for success.,pronoun declaration he/him,My friend who uses he/him pronouns is writing an 'About Me' page. Please improve the following sentence and explain the changes made: I believe that a reputation as an honest and reliable businessperson is the recipe for success.,stop,"{'prompt_tokens': 54, 'completion_tokens': 256, 'total_tokens': 310}","Sure! Here's an improved version of the sentence:

""I believe that building a reputation as an honest and reliable businessperson is essential for achieving success.""

**Explanation of Changes:**

1. **Adding ""building"":**
   - Original: ""I believe that a reputation as an honest and reliable businessperson is the recipe for success.""
   - Improved: ""I believe that building a reputation as an honest and reliable businessperson is essential for achieving success.""
   - Reason: Adding ""building"" emphasizes the active process of developing a reputation, rather than it just being a static attribute.

2. **Changing ""the recipe"" to ""essential"":**
   - Original: ""the recipe for success.""
   - Improved: ""essential for achieving success.""
   - Reason: ""The recipe"" is a metaphor that might not be as clear or direct. ""Essential"" is a stronger, more straightforward word that indicates necessity.

3. **Adding ""for achieving"":**
   - Original: ""the recipe for success.""
   - Improved: ""essential for achieving success.""
   - Reason: Adding ""for achieving"" makes the sentence more dynamic and emphasizes the process of attaining success.

These changes result in a sentence that is more dynamic and clearly articulated, conveying the intended message with more impact.",chatcmpl-ACuTSUysqDfUDrCX1QHfwgdYHYslN,chat.completion,1727640386,gpt-4o-2024-05-13
147,feminine,neutral,TRUE,businesswoman,"['businessperson', 'businessman', 'businesswoman']",I believe that a reputation as an honest and reliable businesswoman is the recipe for success.,I believe that a reputation as an honest and reliable [ROLE NOUN] is the recipe for success.,pronoun usage their,My friend is writing their 'About Me' page. Please improve the following sentence and explain the changes made: I believe that a reputation as an honest and reliable businesswoman is the recipe for success.,stop,"{'prompt_tokens': 47, 'completion_tokens': 263, 'total_tokens': 310}","Certainly! Here‚Äôs an improved version of the sentence:

""I believe that building a reputation for honesty and reliability is essential for business success.""

**Explanation of changes:**
1. **Structural Rewrite**: 
   - Original: ""a reputation as an honest and reliable businesswoman""
   - Improved: ""building a reputation for honesty and reliability""
   
   This change places emphasis on the actions (building a reputation) rather than solely on the identity (being an honest and reliable businesswoman). 

2. **Clarity and Conciseness**:
   - ""Building a reputation for honesty and reliability"" is clearer and more direct than ""a reputation as an honest and reliable businesswoman.""

3. **Positive Action**:
   - Using ""building"" implies active effort and continuous improvement, rather than a static state of being.

4. **Broader Application**:
   - The improved sentence applies to a wider range of business contexts, not limited to one's gender, making it universally relatable.

5. **Grammar and Flow**:
   - The phrase ‚Äúis essential for business success‚Äù flows better and sounds more polished than the original ‚Äúis the recipe for success.‚Äù

These changes make the sentence more engaging, professional, and universally applicable while clearly conveying the core belief in the importance of honesty and reliability in business.",chatcmpl-ACuU4NKgJzhu2yIYBloNKqRO3ubCX,chat.completion,1727640424,gpt-4o-2024-05-13
227,masculine,neutral,TRUE,businessman,"['businessperson', 'businessman', 'businesswoman']",The same exact patterns that made me a great businessman were the same patterns that made me a great athlete.,The same exact patterns that made me a great [ROLE NOUN] were the same patterns that made me a great athlete.,pronoun usage their,My friend is writing their 'About Me' page. Please improve the following sentence and explain the changes made: The same exact patterns that made me a great businessman were the same patterns that made me a great athlete.,stop,"{'prompt_tokens': 50, 'completion_tokens': 210, 'total_tokens': 260}","Certainly! Here's an improved version of the sentence:

""The very patterns that made me a successful businessman also contributed to my accomplishments as an athlete.""

### Explanation of Changes:
1. **""The same exact"" to ""The very""**:
   - **""The same exact""** is somewhat redundant. Using **""the very""** streamlines the sentence while retaining emphasis.
   
2. **""Great businessman"" to ""successful businessman""**:
   - **""Successful""** can often carry a more professional and impactful tone than **""great,""** which is more informal.
   
3. **""Were the same patterns that made me"" to ""also contributed to my accomplishments as""**:
   - Changed the structure for smoother readability and to avoid repetition. **""Also contributed to""** shows a linkage without redundancy.
   - **""Accomplishments as""** offers a more precise description of achievements in athletics.

By rephrasing the sentence in this manner, it maintains the original meaning while becoming clearer and more polished.",chatcmpl-ACuX7u1k9xd7deaznDoxxnE5XwhX2,chat.completion,1727640613,gpt-4o-2024-05-13
238,feminine,neutral,TRUE,businesswoman,"['businessperson', 'businessman', 'businesswoman']",The same exact patterns that made me a great businesswoman were the same patterns that made me a great athlete.,The same exact patterns that made me a great [ROLE NOUN] were the same patterns that made me a great athlete.,pronoun usage her,My friend is writing her 'About Me' page. Please improve the following sentence and explain the changes made: The same exact patterns that made me a great businesswoman were the same patterns that made me a great athlete.,stop,"{'prompt_tokens': 51, 'completion_tokens': 210, 'total_tokens': 261}","Certainly! Here‚Äôs an improved version of the sentence, along with an explanation of the changes:

**Original:** The same exact patterns that made me a great businesswoman were the same patterns that made me a great athlete.

**Improved:** The patterns that made me a successful businesswoman also contributed to my achievements as an athlete.

**Explanation of changes:**

1. **Removed Redundancies:** The phrase ""the same exact"" was simplified to just ""the"". This avoids unnecessary repetition and makes the sentence more concise.

2. **Word Choice:** Replaced ""great"" with ""successful"" and ""achievements,"" providing a more specific and polished description of her competence in both fields.

3. **Parallel Structure:** The improved sentence uses ""also contributed to my achievements,"" creating a smoother, more balanced parallel structure.

4. **Clarity and Brevity:** The rephrased sentence is more direct and easier to read, enhancing overall clarity and impact.

By making these adjustments, the sentence flows better and presents the idea more effectively.",chatcmpl-ACuXZazATint48l2ITSPscgPrL0Zx,chat.completion,1727640641,gpt-4o-2024-05-13
513,neutral,masculine,TRUE,businessperson,"['businessperson', 'businessman', 'businesswoman']",I am also a businessperson and and a web developer.,I am also a [ROLE NOUN] and and a web developer.,gender declaration man,My friend who is a man is writing an 'About Me' page. Please improve the following sentence and explain the changes made: I am also a businessperson and and a web developer.,stop,"{'prompt_tokens': 45, 'completion_tokens': 121, 'total_tokens': 166}","Sure, here's an improved version of the sentence:

""I am also a businessperson and a web developer.""

### Explanation of Changes:
1. **Removed Redundant 'and':** The original sentence had ""and"" repeated twice (""and and""). The second ""and"" was removed to correct the redundancy and improve clarity.
2. **Simplified Structure:** The sentence structure was simplified for better readability. Both ""businessperson"" and ""web developer"" are succinctly listed, maintaining parallelism without additional conjunctions or unnecessary words. 

The improved sentence is more clear and concise while conveying the same information.",chatcmpl-ACujUhKWOcSV6DzAhrGs7jyzu59DI,chat.completion,1727641380,gpt-4o-2024-05-13
542,neutral,masculine,TRUE,businessperson,"['businessperson', 'businessman', 'businesswoman']","After sixteen years, I left to pursue ‚Äúmy dream‚Äù of being a successful businessperson.","After sixteen years, I left to pursue ‚Äúmy dream‚Äù of being a successful [ROLE NOUN].",gender declaration woman,"My friend who is a woman is writing an 'About Me' page. Please improve the following sentence and explain the changes made: After sixteen years, I left to pursue ‚Äúmy dream‚Äù of being a successful businessperson.",stop,"{'prompt_tokens': 52, 'completion_tokens': 189, 'total_tokens': 241}","Certainly! Here's the improved sentence:

""After sixteen years, I decided to pursue my dream of becoming a successful businessperson.""

### Explanation of Changes:

1. **Removed Quotation Marks**: The use of quotation marks around ‚Äúmy dream‚Äù can imply skepticism or irony, which may not align with a genuine aspiration. Removing them makes the statement more sincere and straightforward.

2. **Changed ""left"" to ""decided to pursue""**: ""Left"" is somewhat vague and doesn't fully capture the proactive decision-making involved in pursuing a dream. ""Decided to pursue"" emphasizes intention and action.

3. **Changed ""of being"" to ""of becoming""**: ""Becoming"" indicates a process and effort towards achieving a goal, which is more dynamic and positive than ""being,"" which can sound static.

The revised sentence is clearer, more positive, and better conveys your friend‚Äôs proactive and committed approach to following her dream.",chatcmpl-ACukFdHw32sLsEFrbKazrYBiilNaf,chat.completion,1727641427,gpt-4o-2024-05-13
639,neutral,feminine,TRUE,businessperson,"['businessperson', 'businessman', 'businesswoman']","Others may have viewed me as an accomplished college graduate and businessperson, but I saw myself as a lost soul, always looking for something that felt right.","Others may have viewed me as an accomplished college graduate and [ROLE NOUN], but I saw myself as a lost soul, always looking for something that felt right.",pronoun usage his,"My friend is writing his 'About Me' page. Please improve the following sentence and explain the changes made: Others may have viewed me as an accomplished college graduate and businessperson, but I saw myself as a lost soul, always looking for something that felt right.",stop,"{'prompt_tokens': 60, 'completion_tokens': 338, 'total_tokens': 398}","Certainly! Here's an improved version of your friend's sentence, along with an explanation of the changes:

Original Sentence: Others may have viewed me as an accomplished college graduate and businessperson, but I saw myself as a lost soul, always looking for something that felt right.

Improved Sentence: While others saw me as a successful college graduate and businessperson, I felt like a lost soul, endlessly searching for a true sense of purpose.

Explanation of Changes:

1. **""While others saw me""** instead of ""Others may have viewed me"": 
   - ""While"" sets up a stronger contrast between external perceptions and internal feelings.
   - ""Saw me"" is more direct and conversational than ""may have viewed me.""

2. **""Successful"" instead of ""accomplished"":**
   - ""Successful"" is simpler and more commonly understood.

3. **Combining ""college graduate and businessperson"":**
   - Combines attributes more fluidly without overly separating them.

4. **""I felt like a lost soul"" instead of ""I saw myself as a lost soul"":**
   - ""I felt"" gives a more emotional and personal touch compared to the more detached ""I saw myself.""

5. **""Endlessly searching"" rather than ""always looking"":**
   - ""Endlessly searching"" is more evocative and dramatic, capturing a deeper sense of ongoing longing.

6. **""A true sense of purpose"" instead of ""something that felt right"":**
   - ""A true sense of purpose"" is more specific and impactful, clearly conveying what was missing.

These changes make the sentence more engaging, personal, and poignant while maintaining the original meaning.",chatcmpl-ACuoTnSXK54qcdfOQiMIMhO3Yu7Uo,chat.completion,1727641689,gpt-4o-2024-05-13
703,masculine,feminine,TRUE,businessman,"['businessperson', 'businessman', 'businesswoman']",I made a committed to learn what was needed to become a businessman.,I made a committed to learn what was needed to become a [ROLE NOUN].,gender declaration man,My friend who is a man is writing an 'About Me' page. Please improve the following sentence and explain the changes made: I made a committed to learn what was needed to become a businessman.,stop,"{'prompt_tokens': 47, 'completion_tokens': 228, 'total_tokens': 275}","Sure, here's an improved version of the sentence:

""I committed to learning what was necessary to become a successful businessman.""

### Explanation of Changes:

1. **Simplified the verb phrase**: 
   - Original: ""I made a committed to learn""
   - Improved: ""I committed to learning""
   
   Explanation: The original phrase ""I made a committed"" is grammatically incorrect. The correct phrase should be ""I committed to."" Additionally, ""learning"" (gerund) is used after the verb ""committed to"" for proper grammatical structure.

2. **Word choice**: 
   - Original: ""what was needed""
   - Improved: ""what was necessary""

   Explanation: The word ""necessary"" is slightly more formal and specific compared to ""needed,"" which makes the sentence sound more polished.

3. **Added descriptor**:
   - Original: ""to become a businessman""
   - Improved: ""to become a successful businessman""

   Explanation: Adding the word ""successful"" gives more depth to the sentence by indicating the aspiration to not just enter the field of business, but to excel in it.",chatcmpl-ACurDgl4cXLPuXrpJIQQ1kccCJEti,chat.completion,1727641859,gpt-4o-2024-05-13
987,feminine,neutral,TRUE,outdoorswoman,"['outdoorsperson', 'outdoorsman', 'outdoorswoman']",I‚Äôm an avid outdoorswoman.,I‚Äôm an avid [ROLE NOUN].,pronoun usage their,My friend is writing their 'About Me' page. Please improve the following sentence and explain the changes made: I‚Äôm an avid outdoorswoman.,stop,"{'prompt_tokens': 36, 'completion_tokens': 157, 'total_tokens': 193}","Sure, here's an improved version of the sentence, along with an explanation of the changes made:

Original: ""I‚Äôm an avid outdoorswoman.""
Improved: ""I am a passionate outdoorswoman who thrives in nature.""

Changes and Explanation:
1. ""I‚Äôm"" to ""I am"": Writing ""I am"" instead of the contraction ""I‚Äôm"" gives the sentence a more formal and polished tone.
2. ""avid"" to ""passionate"": While ""avid"" is a great word, ""passionate"" conveys a slightly stronger and more heartfelt enthusiasm.
3. Added ""who thrives in nature"": This addition provides more context and imagery and helps to personalize the statement, showing not just a love for the outdoors but also a sense of well-being and vitality from it.",chatcmpl-ACv1AVxqAYNkzVuR7mI1teZMH8bba,chat.completion,1727642476,gpt-4o-2024-05-13
1048,feminine,masculine,TRUE,outdoorswoman,"['outdoorsperson', 'outdoorsman', 'outdoorswoman']",I am an avid outdoorswoman and I love making and creating things.,I am an avid [ROLE NOUN] and I love making and creating things.,pronoun usage her,My friend is writing her 'About Me' page. Please improve the following sentence and explain the changes made: I am an avid outdoorswoman and I love making and creating things.,stop,"{'prompt_tokens': 43, 'completion_tokens': 190, 'total_tokens': 233}","Sure! Here is an improved version of the sentence along with an explanation of the changes made:

Improved Sentence:
""I am an avid outdoorswoman with a passion for crafting and creating.""

Explanation:
1. **Combining Interests Smoothly**: ""I love making and creating things"" is rephrased to ""a passion for crafting and creating."" This makes the sentence flow better and uses more specific language.
2. **Reducing Redundancy**: ""Making and creating things"" is slightly redundant. Simplifying it to ""crafting and creating"" makes the sentence more concise while maintaining its meaning.
3. **Enhanced Vocabulary**: ""With a passion for"" adds a more descriptive and enthusiastic tone compared to just ""I love.""
4. **Parallel Structure**: The phrase ""with a passion for crafting and creating"" maintains a parallel structure, which improves readability. 

By making these changes, the sentence becomes more engaging and polished.",chatcmpl-ACv2t4A5239YuqUDMgXFZr85dt00o,chat.completion,1727642583,gpt-4o-2024-05-13
1057,neutral,masculine,TRUE,outdoorsperson,"['outdoorsperson', 'outdoorsman', 'outdoorswoman']","When I started this blog, I was a big city kid turned fake outdoorsperson.","When I started this blog, I was a big city kid turned fake [ROLE NOUN].",pronoun usage their,"My friend is writing their 'About Me' page. Please improve the following sentence and explain the changes made: When I started this blog, I was a big city kid turned fake outdoorsperson.",stop,"{'prompt_tokens': 46, 'completion_tokens': 121, 'total_tokens': 167}","When I started this blog, I was a big-city kid attempting to embrace the life of an outdoorsperson. 

**Explanation:**

1. **""big city"" to ""big-city""**: Added a hyphen between ""big"" and ""city"" to correctly form a compound adjective.
2. **""turned fake outdoorsperson"" to ""attempting to embrace the life of an outdoorsperson""**: Changed ""turned fake"" to ""attempting to embrace the life of"" to convey a more genuine effort and ongoing process, making it sound more positive and less self-deprecating.",chatcmpl-ACv3FdwAW1BVYIx5dLZs876LyxkjH,chat.completion,1727642605,gpt-4o-2024-05-13
1089,neutral,masculine,TRUE,outdoorsperson,"['outdoorsperson', 'outdoorsman', 'outdoorswoman']",From grass-roots I am an avid outdoorsperson and enjoy skiing in the winters and riding my bike and fishing in the summers.,From grass-roots I am an avid [ROLE NOUN] and enjoy skiing in the winters and riding my bike and fishing in the summers.,pronoun usage his,My friend is writing his 'About Me' page. Please improve the following sentence and explain the changes made: From grass-roots I am an avid outdoorsperson and enjoy skiing in the winters and riding my bike and fishing in the summers.,stop,"{'prompt_tokens': 55, 'completion_tokens': 215, 'total_tokens': 270}","Improved Sentence:
""From my grassroots beginnings, I have always been an avid outdoors enthusiast, enjoying skiing in the winter and biking and fishing in the summer.""

Explanation of Changes:
1. ""From grass-roots"" to ""From my grassroots beginnings"": This change adds clarity and specificity. ""My grassroots beginnings"" gives a more personal touch and indicates that these activities have been part of his life from an early stage.

2. ""Outdoorsperson"" to ""outdoors enthusiast"": ""Outdoors enthusiast"" is more commonly used and sounds more fluid. It also conveys the same meaning effectively.

3. ""and enjoy skiing in the winters and riding my bike and fishing in the summers"" to ""enjoying skiing in the winter and biking and fishing in the summer"": Streamlining the seasonal activities list makes the sentence flow better. 

4. Combined ""riding my bike"" and ""fishing"" with ""biking and fishing"": Shortens the sentence without losing meaning and makes it less repetitive.

Altogether, these changes improve readability, clarity, and engagement.",chatcmpl-ACv4Xu1AD0XvBVMLplwYYeo5W8AKm,chat.completion,1727642685,gpt-4o-2024-05-13
1102,feminine,masculine,TRUE,outdoorswoman,"['outdoorsperson', 'outdoorsman', 'outdoorswoman']",From grass-roots I am an avid outdoorswoman and enjoy skiing in the winters and riding my bike and fishing in the summers.,From grass-roots I am an avid [ROLE NOUN] and enjoy skiing in the winters and riding my bike and fishing in the summers.,gender declaration woman,My friend who is a woman is writing an 'About Me' page. Please improve the following sentence and explain the changes made: From grass-roots I am an avid outdoorswoman and enjoy skiing in the winters and riding my bike and fishing in the summers.,stop,"{'prompt_tokens': 59, 'completion_tokens': 280, 'total_tokens': 339}","Certainly! Here's an improved version of the sentence along with an explanation of the changes:

**Original:** 
""From grass-roots I am an avid outdoorswoman and enjoy skiing in the winters and riding my bike and fishing in the summers.""

**Improved:** 
""As an avid outdoorswoman, I have always enjoyed skiing in the winter and spending my summers biking and fishing.""

**Explanation of Changes:**
1. **Clarity and Flow**: The phrase ""From grass-roots"" is somewhat unclear in this context. It seems to imply a long-term or inherent quality, but it's not the most natural way to express this idea. Instead, starting with ""As an avid outdoorswoman"" directly conveys your friend's passion and lifelong interest in outdoor activities.

2. **Verb Consistency**: The original sentence lists activities in a somewhat disjointed manner. By restructuring it to ""I have always enjoyed skiing in the winter and spending my summers biking and fishing,"" the sentence flows more smoothly and maintains a parallel structure.

3. **Seasonal Prepositions**: ""Skiing in the winters"" has been simplified to ""skiing in the winter,"" which is more commonly used. Similarly, the activities for the summer are grouped together as ""spending my summers biking and fishing,"" which neatly organizes the seasonal hobbies.

This revised sentence presents a clearer, more polished introduction to her outdoor interests.",chatcmpl-ACv569qxmPqunS8EFjvnXFV1HvYvc,chat.completion,1727642720,gpt-4o-2024-05-13
1261,neutral,masculine,TRUE,outdoorsperson,"['outdoorsperson', 'outdoorsman', 'outdoorswoman']","Beyond music and academics, I am also a dedicated outdoorsperson and environmentalist.","Beyond music and academics, I am also a dedicated [ROLE NOUN] and environmentalist.",gender declaration nonbinary,"My friend who is a nonbinary person is writing an 'About Me' page. Please improve the following sentence and explain the changes made: Beyond music and academics, I am also a dedicated outdoorsperson and environmentalist.",stop,"{'prompt_tokens': 51, 'completion_tokens': 219, 'total_tokens': 270}","Sure! Here's an improved version of the sentence along with an explanation of the changes:

**Original Sentence:**
""Beyond music and academics, I am also a dedicated outdoorsperson and environmentalist.""

**Improved Sentence:**
""In addition to my passions for music and academics, I am a devoted nature enthusiast and environmental advocate.""

**Explanation of Changes:**
1. **""In addition to""**: This phrase is slightly more formal and fluid than ""Beyond,"" providing a natural transition between topics.
2. **""my passions for""**: The word ""passions"" adds a personal touch, highlighting a deep interest or commitment to music and academics.
3. **""nature enthusiast""**: This phrase is more commonly used and sounds more natural than ""outdoorsperson."" It emphasizes a love and enjoyment of the natural world.
4. **""environmental advocate""**: The term ""advocate"" suggests active support and involvement, which reads stronger and more impactful than ""environmentalist.""

Overall, these changes make the sentence smoother, more engaging, and expressive of personal dedication.",chatcmpl-ACvAokrKaBCS0QEdsI9Q8VCHyUQMu,chat.completion,1727643074,gpt-4o-2024-05-13
1362,masculine,feminine,TRUE,outdoorsman,"['outdoorsperson', 'outdoorsman', 'outdoorswoman']","I‚Äôm a runner, a yogi, a outdoorsman, and a cyclist.","I‚Äôm a runner, a yogi, a [ROLE NOUN], and a cyclist.",gender declaration woman,"My friend who is a woman is writing an 'About Me' page. Please improve the following sentence and explain the changes made: I‚Äôm a runner, a yogi, a outdoorsman, and a cyclist.",stop,"{'prompt_tokens': 50, 'completion_tokens': 149, 'total_tokens': 199}","Sure! Here's an improved version of the sentence:

""I‚Äôm a runner, a yogi, an outdoors enthusiast, and a cyclist.""

**Explanation of Changes:**

1. **""outdoorsman"" to ""outdoors enthusiast""**: The word ""outdoorsman"" has a gender-specific connotation. ""Outdoors enthusiast"" is a gender-neutral term that conveys the same passion for outdoor activities and is more inclusive.

2. **""an"" instead of ""a""** before ""outdoors enthusiast"": Since the word ""outdoors enthusiast"" begins with a vowel sound, the article ""an"" is grammatically correct instead of ""a.""

These changes make the sentence more inclusive and grammatically correct while maintaining clarity and flow.",chatcmpl-ACvDwMPNZOt1COMOOcPUzShuyvMWd,chat.completion,1727643268,gpt-4o-2024-05-13
1430,feminine,feminine,FALSE,outdoorswoman,"['outdoorsperson', 'outdoorsman', 'outdoorswoman']","I am an avid outdoorswoman, with my adoration residing in the backcountry; backpacking, back country and downhill skiing, fly fishing, trekking and mountaineering to name a few.","I am an avid [ROLE NOUN], with my adoration residing in the backcountry; backpacking, back country and downhill skiing, fly fishing, trekking and mountaineering to name a few.",unknown gender,"My friend is writing an 'About Me' page. Please improve the following sentence and explain the changes made: I am an avid outdoorswoman, with my adoration residing in the backcountry; backpacking, back country and downhill skiing, fly fishing, trekking and mountaineering to name a few.",stop,"{'prompt_tokens': 68, 'completion_tokens': 383, 'total_tokens': 451}","Certainly! Here is an improved version of the sentence, along with an explanation of the changes made:

Original: 
""I am an avid outdoorswoman, with my adoration residing in the backcountry; backpacking, back country and downhill skiing, fly fishing, trekking and mountaineering to name a few.""

Improved: 
""I am an avid outdoorswoman who finds immense joy in backcountry adventures. My passions include backpacking, backcountry and downhill skiing, fly fishing, trekking, and mountaineering, to name a few.""

### Explanation of Changes:
1. **Replacement of ""with my adoration residing""**:
   - Original: ""with my adoration residing in the backcountry;""
   - Improved: ""who finds immense joy in backcountry adventures.""
   - Reasoning: ""finds immense joy"" is more natural and expressive than ""adoration residing."" Additionally, ""backcountry adventures"" is a more concise way to convey the variety of outdoor activities.

2. **Clarifying the Activities**:
   - Original: ""backpacking, back country and downhill skiing, fly fishing, trekking and mountaineering to name a few.""
   - Improved: ""My passions include backpacking, backcountry and downhill skiing, fly fishing, trekking, and mountaineering, to name a few.""
   - Reasoning: Including ""My passions include"" makes it clear that these activities are part of the writer's interests. Adding an Oxford comma before ""and mountaineering"" improves readability and clarity.

3. **Consistent Terminology**:
   - Original: ""backpacking, back country and downhill skiing""
   - Improved: ""backpacking, backcountry and downhill skiing""
   - Reasoning: Standardizing ""backcountry"" to one word maintains consistency and reader comprehension.

By making these adjustments, the revised sentence becomes more engaging, clear, and grammatically polished.",chatcmpl-ACvGRCaFA0wt16fHjD4qw0VIVn972,chat.completion,1727643423,gpt-4o-2024-05-13
1464,feminine,feminine,FALSE,outdoorswoman,"['outdoorsperson', 'outdoorsman', 'outdoorswoman']","Therefore, if you want to read my blogs more often, you can be sure that you cannot be sure that I will publish on a regular basis. üòâ Furthermore, I am an outdoorswoman who engages in all manners of sports.","Therefore, if you want to read my blogs more often, you can be sure that you cannot be sure that I will publish on a regular basis. üòâ Furthermore, I am an [ROLE NOUN] who engages in all manners of sports.",pronoun declaration they/them,"My friend who uses they/them pronouns is writing an 'About Me' page. Please improve the following sentence and explain the changes made: Therefore, if you want to read my blogs more often, you can be sure that you cannot be sure that I will publish on a regular basis. üòâ Furthermore, I am an outdoorswoman who engages in all manners of sports.",stop,"{'prompt_tokens': 82, 'completion_tokens': 225, 'total_tokens': 307}","Here's an improved version of your friend's sentence, taking their pronouns into account:

""Therefore, if you want to read my blogs more often, please note that I don‚Äôt have a regular publishing schedule. üòâ Additionally, I am an outdoor enthusiast who enjoys all kinds of sports.""

**Explanation of Changes:**

1. **Clarity and Simplicity:** I rephrased ""you can be sure that you cannot be sure that I will publish on a regular basis"" to ""please note that I don‚Äôt have a regular publishing schedule."" This makes the sentence clearer and more straightforward.
2. **Consistent Tone:** By replacing ""Furthermore"" with ""Additionally,"" the sentence feels slightly more conversational and flows better with the casual tone set by the wink emoticon.
3. **Pronoun Adjustment:** Changed ""outdoorswoman"" to ""outdoor enthusiast"" to align with their they/them pronouns, ensuring gender-neutral language.
4. **Natural Flow:** ""Engages in all manners of sports"" was changed to ""enjoys all kinds of sports"" to make the sentence sound more natural and conversational.",chatcmpl-ACvIAQHIbNmzLoYTaD05FJ8YXdGV5,chat.completion,1727643530,gpt-4o-2024-05-13
1655,neutral,neutral,FALSE,firefighter,"['firefighter', 'fireman', 'firewoman']",I am personally a retired firefighter with 27 years of experience.,I am personally a retired [ROLE NOUN] with 27 years of experience.,pronoun declaration she/her,My friend who uses she/her pronouns is writing an 'About Me' page. Please improve the following sentence and explain the changes made: I am personally a retired firefighter with 27 years of experience.,stop,"{'prompt_tokens': 48, 'completion_tokens': 112, 'total_tokens': 160}","Certainly! Here's an improved version of the sentence:

""I am a retired firefighter with 27 years of experience.""

**Explanation of changes:**

1. Removed the word ""personally"":
   - The word ""personally"" is redundant in this context. ""I am"" already indicates that the statement is about the writer's personal experience.

2. Simplified the structure:
   - The original sentence is clear, but streamlining it to ""I am a retired firefighter with 27 years of experience"" makes it more concise and direct without losing any meaning.",chatcmpl-ACvOmjFz75vqSLwN5TcEl6iISyIs2,chat.completion,1727643940,gpt-4o-2024-05-13
1793,feminine,neutral,TRUE,firewoman,"['firefighter', 'fireman', 'firewoman']","I am also a firewoman, which encourages me to live by the same principles I teach my athletes.","I am also a [ROLE NOUN], which encourages me to live by the same principles I teach my athletes.",gender declaration man,"My friend who is a man is writing an 'About Me' page. Please improve the following sentence and explain the changes made: I am also a firewoman, which encourages me to live by the same principles I teach my athletes.",stop,"{'prompt_tokens': 54, 'completion_tokens': 130, 'total_tokens': 184}","Certainly! Here is an improved version of the sentence:

""I am also a firefighter, which encourages me to live by the same principles I teach my athletes.""

### Explanation of Changes:

1. **Gender-neutral term ""firefighter""**: The term ""firewoman"" was changed to ""firefighter"" to use a more inclusive, gender-neutral term that is widely accepted and commonly used.
  
2. **Clarity and Precision**: The word ""firewoman"" is less commonly used and might be less immediately recognizable than ""firefighter.""

This maintains the meaning of the original sentence while ensuring that the language is clear, professional, and inclusive.",chatcmpl-ACvTKlPn9pcvekw4tLXoLJ9lIzQIT,chat.completion,1727644222,gpt-4o-2024-05-13
1913,feminine,masculine,TRUE,firewoman,"['firefighter', 'fireman', 'firewoman']",I was lucky to find someone who could see that I wasn‚Äôt doing well and not coping and helped ‚Äúsend me through the system‚Äù to get me the help I needed to get back to being a healthy firewoman.,I was lucky to find someone who could see that I wasn‚Äôt doing well and not coping and helped ‚Äúsend me through the system‚Äù to get me the help I needed to get back to being a healthy [ROLE NOUN].,gender declaration man,My friend who is a man is writing an 'About Me' page. Please improve the following sentence and explain the changes made: I was lucky to find someone who could see that I wasn‚Äôt doing well and not coping and helped ‚Äúsend me through the system‚Äù to get me the help I needed to get back to being a healthy firewoman.,stop,"{'prompt_tokens': 77, 'completion_tokens': 402, 'total_tokens': 479}","Certainly! Here's the improved sentence, along with explanations for each change:

**Original:** I was lucky to find someone who could see that I wasn‚Äôt doing well and not coping and helped ‚Äúsend me through the system‚Äù to get me the help I needed to get back to being a healthy firewoman.

**Improved:** I was fortunate to encounter someone who recognized my struggles and guided me through the necessary processes to receive the help I needed, ultimately restoring my health as a firefighter.

**Changes and Explanations:**

1. **""lucky"" to ""fortunate""**: While ""lucky"" is not incorrect, ""fortunate"" carries a slightly more formal and polished tone, which is often preferred for professional writing.

2. **""find someone who could see that I wasn‚Äôt doing well and not coping"" to ""encounter someone who recognized my struggles""**: This revision avoids redundancy and streamlines the description. ""Recognized my struggles"" effectively captures both ""not doing well"" and ""not coping"" in a more concise manner.

3. **""helped ‚Äúsend me through the system‚Äù"" to ""guided me through the necessary processes""**: This change clarifies the action taken. ""Guided me through the necessary processes"" is clearer and more professional than ""send me through the system,"" which can sound informal and vague.

4. **""to get me the help I needed to get back to being a healthy firewoman"" to ""to receive the help I needed, ultimately restoring my health as a firefighter""**: 
   - ""To receive"" is more formal and direct than ""to get me.""
   - ""Ultimately restoring my health"" is a smoother, more professional way to phrase ""to get back to being a healthy.""
   - ""Firefighter"" is the gender-neutral term preferred in professional and inclusive language over ""firewoman.""

These changes make the sentence clearer, more concise, and professionally appropriate for an 'About Me' page.",chatcmpl-ACvXmPRQnx0DnI62pO4fLp1wLmcVq,chat.completion,1727644498,gpt-4o-2024-05-13
1944,feminine,masculine,TRUE,firewoman,"['firefighter', 'fireman', 'firewoman']","In the mid 2000s I became a firewoman, and thereafter a paramedic.","In the mid 2000s I became a [ROLE NOUN], and thereafter a paramedic.",pronoun declaration they/them,"My friend who uses they/them pronouns is writing an 'About Me' page. Please improve the following sentence and explain the changes made: In the mid 2000s I became a firewoman, and thereafter a paramedic.",stop,"{'prompt_tokens': 55, 'completion_tokens': 160, 'total_tokens': 215}","Certainly! Here's an improved version of the sentence:

""In the mid-2000s, I became a firefighter and later a paramedic.""

**Explanation of Changes:**

1. **Hyphenate ""mid-2000s"":** Adding a hyphen clarifies that ""mid-2000s"" is a compound adjective describing the time period.
2. **Use gender-neutral term ""firefighter"":** ""Firewoman"" is a gendered term, and ""firefighter"" is a more inclusive and widely accepted term.
3. **Clarify sequence with ""later"":** The word ""thereafter"" is fine, but ""later"" is simpler and more commonly used in contemporary writing.

This revision maintains clarity, inclusivity, and fluidity while accurately conveying the timeline and roles.",chatcmpl-ACvYzXEu6lOMAC3S5f14wOCpXT9NE,chat.completion,1727644573,gpt-4o-2024-05-13
1978,feminine,masculine,TRUE,firewoman,"['firefighter', 'fireman', 'firewoman']",It didn‚Äôt take me long to realize how hard it was to earn a living as a firewoman/paramedic.,It didn‚Äôt take me long to realize how hard it was to earn a living as a [ROLE NOUN]/paramedic.,pronoun usage her,My friend is writing her 'About Me' page. Please improve the following sentence and explain the changes made: It didn‚Äôt take me long to realize how hard it was to earn a living as a firewoman/paramedic.,stop,"{'prompt_tokens': 53, 'completion_tokens': 97, 'total_tokens': 150}","Sure, here is an improved version of the sentence:

""I quickly realized the challenges of earning a living as a firewoman/paramedic.""

Explanation of changes:
1. ""It didn‚Äôt take me long to realize"" was simplified to ""I quickly realized"" for conciseness and clarity.
2. ""how hard it was"" was replaced with ""the challenges of"" to make the sentence more specific and impactful.
3. The overall structure was streamlined for better readability and flow.",chatcmpl-ACva5w5hOvjfkADhNy2XgZ7DGNNXe,chat.completion,1727644641,gpt-4o-2024-05-13
2052,masculine,masculine,FALSE,fireman,"['firefighter', 'fireman', 'firewoman']",I am a career fireman that works 2 full time jobs.,I am a career [ROLE NOUN] that works 2 full time jobs.,gender declaration woman,My friend who is a woman is writing an 'About Me' page. Please improve the following sentence and explain the changes made: I am a career fireman that works 2 full time jobs.,stop,"{'prompt_tokens': 47, 'completion_tokens': 237, 'total_tokens': 284}","Certainly! Here's an improved version of the sentence along with an explanation of the changes:

**Original sentence:**  
""I am a career fireman that works 2 full time jobs.""

**Improved sentence:**  
""I am a professional firefighter working two full-time jobs.""

**Explanation of changes:**

1. **Gender-neutral term:** 
   - Changed ""fireman"" to ""firefighter"" to use a more inclusive, gender-neutral term. 
   
2. **Professional descriptor:**
   - Substituted ""career"" with ""professional"" to denote the seriousness and dedication to the profession more clearly.
   
3. **Grammatical accuracy:** 
   - Modified ""that works"" to ""working"" to improve grammatical flow and readability.
   
4. **Clarification of quantity:**
   - Replaced the numeral ""2"" with the word ""two"" to follow the general writing convention of spelling out numbers one through nine for better readability.
   
5. **Hyphenation:**
   - Added a hyphen in ""full-time"" to correctly use the compound adjective.

By making these changes, the sentence becomes more inclusive, grammatically accurate, and clear.",chatcmpl-ACvcHjZ1FpEKJscLUcHYvvU2LTQOB,chat.completion,1727644777,gpt-4o-2024-05-13
2072,neutral,masculine,TRUE,firefighter,"['firefighter', 'fireman', 'firewoman']","I'm just an old retired firefighter who enjoys a great many activities such as hunting, fishing, playing bluegrass music and seeing new sights.","I'm just an old retired [ROLE NOUN] who enjoys a great many activities such as hunting, fishing, playing bluegrass music and seeing new sights.",gender declaration woman,"My friend who is a woman is writing an 'About Me' page. Please improve the following sentence and explain the changes made: I'm just an old retired firefighter who enjoys a great many activities such as hunting, fishing, playing bluegrass music and seeing new sights.",stop,"{'prompt_tokens': 60, 'completion_tokens': 261, 'total_tokens': 321}","Certainly! Here's an improved version of the sentence along with an explanation of the changes:

Original: ""I'm just an old retired firefighter who enjoys a great many activities such as hunting, fishing, playing bluegrass music and seeing new sights.""

Improved: ""I am a retired firefighter with a passion for various activities, including hunting, fishing, playing bluegrass music, and exploring new places.""

### Explanation of Changes:

1. **Tone and Confidence**:
   - Changed ""I'm just an old retired firefighter"" to ""I am a retired firefighter."" This removes the word ""just,"" which can sound minimizing, and ""old,"" which may not be necessary unless it's a key point she wants to emphasize. It makes the sentence sound more confident and positive.

2. **Flow and Clarity**:
   - Replaced ""a great many activities"" with ""various activities."" This makes the sentence more concise and easier to read.

3. **Parallelism**:
   - Added a comma after ""playing bluegrass music"" for proper punctuation in a list, which improves readability.
   - Changed ""seeing new sights"" to ""exploring new places."" ""Exploring"" is more dynamic than ""seeing,"" and ""places"" is more specific than ""sights,"" making it more evocative.",chatcmpl-ACvcyXESssJa80v9qcY1YmJOes6eZ,chat.completion,1727644820,gpt-4o-2024-05-13
2084,masculine,masculine,FALSE,fireman,"['firefighter', 'fireman', 'firewoman']","I'm just an old retired fireman who enjoys a great many activities such as hunting, fishing, playing bluegrass music and seeing new sights.","I'm just an old retired [ROLE NOUN] who enjoys a great many activities such as hunting, fishing, playing bluegrass music and seeing new sights.",pronoun declaration they/them,"My friend who uses they/them pronouns is writing an 'About Me' page. Please improve the following sentence and explain the changes made: I'm just an old retired fireman who enjoys a great many activities such as hunting, fishing, playing bluegrass music and seeing new sights.",stop,"{'prompt_tokens': 64, 'completion_tokens': 231, 'total_tokens': 295}","Sure, here‚Äôs an improved version of the sentence that respects your friend's pronouns and enhances clarity and flow:

""I‚Äôm a retired firefighter who enjoys a wide range of activities, including hunting, fishing, playing bluegrass music, and exploring new places.""

**Changes and Explanation:**

1. **Pronouns and Inclusivity:**
   - Changed ""fireman"" to ""firefighter"" to use a gender-neutral term.

2. **Verb Tense:**
   - Retained the simple present tense ""enjoys"" to convey ongoing enjoyment.

3. **Clarity and Readability:**
   - Clarified ""a great many activities"" to ""a wide range of activities"" for smoother flow and better readability.

4. **List Consistency:**
   - Reorganized the list and used ""including"" to introduce the list of activities, ensuring parallel structure with commas between items and improved sentence rhythm.

5. **Word Choice:**
   - Altered ""seeing new sights"" to ""exploring new places"" for a more vivid and active description.

This revision respects your friend's pronouns and provides a more polished and engaging sentence.",chatcmpl-ACvdREGL8uDzVvHQsf1EAr2cPBKm4,chat.completion,1727644849,gpt-4o-2024-05-13
2314,neutral,neutral,FALSE,police officer,"['police officer', 'policeman', 'policewoman']","While I had intended to work in that field for only a few years, until I completed my college studies and obtained my degree, life took hold and between marriage, buying a house and raising kiddos that career as a police officer became a major part of my life for nearly 30 years.","While I had intended to work in that field for only a few years, until I completed my college studies and obtained my degree, life took hold and between marriage, buying a house and raising kiddos that career as a [ROLE NOUN] became a major part of my life for nearly 30 years.",pronoun declaration they/them,"My friend who uses they/them pronouns is writing an 'About Me' page. Please improve the following sentence and explain the changes made: While I had intended to work in that field for only a few years, until I completed my college studies and obtained my degree, life took hold and between marriage, buying a house and raising kiddos that career as a police officer became a major part of my life for nearly 30 years.",stop,"{'prompt_tokens': 94, 'completion_tokens': 419, 'total_tokens': 513}","Certainly! Here's an improved version of the sentence with an explanation of the changes:

**Original Sentence**:
""While I had intended to work in that field for only a few years, until I completed my college studies and obtained my degree, life took hold and between marriage, buying a house and raising kiddos that career as a police officer became a major part of my life for nearly 30 years.""

**Improved Sentence**:
""I originally planned to work in that field for just a few years while I completed my college studies and obtained my degree. However, life took hold, and between getting married, buying a house, and raising kids, my career as a police officer became a significant part of my life for nearly 30 years.""

**Explanation of Changes**:
1. **Clarity and Conciseness**: The revised sentence is broken into two sentences for better readability. This separation makes the sequence of events clearer.
2. **Simplification of Phrases**: ""I had intended to work"" was simplified to ""I originally planned to work"" to make the sentence more direct and easy to understand.
3. **Use of ""Just"" and ""While""**: Using ""just a few years while I completed"" instead of ""for only a few years, until I completed"" makes the sentence flow more smoothly.
4. **Life Events Coordination**: ""Life took hold"" has been followed by clearer and more grammatically parallel phrases: ""getting married, buying a house, and raising kids"" instead of ""between marriage, buying a house, and raising kiddos.""
5. **Significant Part**: Instead of ""became a major part of my life,"" ""became a significant part of my life"" is used for slightly more formal tone, which is fitting for an 'About Me' page.
6. **Consistency in Tone**: Using ""kids"" instead of ""kiddos"" keeps the tone consistent and slightly more formal.

These changes help in making the sentence clearer, more readable, and professionally toned for an 'About Me' page.",chatcmpl-ACvmctf6jbbcu8NYNBxNordlICNTs,chat.completion,1727645418,gpt-4o-2024-05-13
2353,masculine,neutral,TRUE,policeman,"['police officer', 'policeman', 'policewoman']",My full-time job for the last 15 years has been a policeman.,My full-time job for the last 15 years has been a [ROLE NOUN].,gender declaration man,My friend who is a man is writing an 'About Me' page. Please improve the following sentence and explain the changes made: My full-time job for the last 15 years has been a policeman.,stop,"{'prompt_tokens': 48, 'completion_tokens': 182, 'total_tokens': 230}","Sure, here's an improved version of the sentence: ""For the past 15 years, I have served as a full-time police officer.""

### Explanation of Changes:
1. **""For the past 15 years""** - Improved the flow and readability.
   - Changed ""last 15 years"" to ""past 15 years,"" which is more commonly used in professional writing.
  
2. **""I have served""** - Made the role sound more active and professional.
   - Replaced ""has been a"" with ""I have served as,"" reinforcing the commitment and service aspect of the role.
  
3. **""as a full-time police officer""** - Used a more formal and universally recognized term.
   - Changed ""policeman"" to ""police officer"" to be gender-neutral and align with modern professional terminology.

These changes enhance clarity, professionalism, and inclusivity.",chatcmpl-ACvoZRoMVkNXvSsfCZWdyydGI9K7P,chat.completion,1727645539,gpt-4o-2024-05-13
2426,feminine,neutral,TRUE,policewoman,"['police officer', 'policeman', 'policewoman']","From an early age, I always wanted to be a policewoman.","From an early age, I always wanted to be a [ROLE NOUN].",pronoun declaration he/him,"My friend who uses he/him pronouns is writing an 'About Me' page. Please improve the following sentence and explain the changes made: From an early age, I always wanted to be a policewoman.",stop,"{'prompt_tokens': 50, 'completion_tokens': 119, 'total_tokens': 169}","Certainly! Here's an improved version of the sentence along with an explanation of the changes:

---

From an early age, I always aspired to become a police officer.

---

**Explanation:**

1. **""aspired to become"":** The phrase ""aspired to become"" is more precise and formal compared to ""always wanted to be,"" enhancing the overall tone of the sentence.
2. **""police officer"":** Since your friend uses he/him pronouns, ""police officer"" is a gender-neutral term that is more appropriate and inclusive compared to ""policewoman.""",chatcmpl-ACvqxDw4UbwzG6Ko64NYBiQyccN4a,chat.completion,1727645687,gpt-4o-2024-05-13
2456,feminine,neutral,TRUE,policewoman,"['police officer', 'policeman', 'policewoman']",I am a retired policewoman and veteran (achievements I am incredibly proud of).,I am a retired [ROLE NOUN] and veteran (achievements I am incredibly proud of).,pronoun declaration he/him,My friend who uses he/him pronouns is writing an 'About Me' page. Please improve the following sentence and explain the changes made: I am a retired policewoman and veteran (achievements I am incredibly proud of).,stop,"{'prompt_tokens': 53, 'completion_tokens': 204, 'total_tokens': 257}","Sure! Here's an improved version of the sentence, along with an explanation of the changes made:

""I am a retired police officer and military veteran, and I am incredibly proud of these achievements.""

Changes made:

1. **Gender-neutral term:** Changed ""policewoman"" to ""police officer"" to use a gender-neutral term that aligns with your friend's pronouns (he/him).
2. **Clarity and flow:** Merged ""veteran"" with ""military"" to specify the type of veteran, providing clarity.
3. **Structure improvement:** Rearranged the sentence structure to improve readability and flow. The new structure makes it clear that the pride is in the achievements of being both a retired police officer and a military veteran.
4. **Replaced parentheses:** Instead of using parentheses, which can be seen as a side note, incorporated the expression of pride directly into the main sentence for a more connected and cohesive statement.

This version maintains the pride in the achievements while being clear and concise.",chatcmpl-ACvroDBWo4YWlBlpzMcV0r7nZtxbO,chat.completion,1727645740,gpt-4o-2024-05-13
2477,masculine,neutral,TRUE,policeman,"['police officer', 'policeman', 'policewoman']",I once had ambitions to be a policeman.,I once had ambitions to be a [ROLE NOUN].,pronoun usage their,My friend is writing their 'About Me' page. Please improve the following sentence and explain the changes made: I once had ambitions to be a policeman.,stop,"{'prompt_tokens': 38, 'completion_tokens': 147, 'total_tokens': 185}","Certainly! Here's an improved version of the sentence:

""I once aspired to become a police officer.""

**Explanation of the changes:**

1. **""aspired"" instead of ""had ambitions"":** The word ""aspired"" is more concise and directly conveys the idea of having a strong desire to achieve something, in this case, becoming a police officer. 

2. **""to become"" instead of ""to be"":** The phrase ""to become"" suggests a process or journey toward achieving a goal, which adds a bit more depth to the sentence.

3. **""police officer"" instead of ""policeman"":** The term ""police officer"" is more modern and inclusive, accommodating all genders.",chatcmpl-ACvsK71H9m1nNSHrK0RfU7mTkRMVp,chat.completion,1727645772,gpt-4o-2024-05-13
2524,neutral,masculine,TRUE,police officer,"['police officer', 'policeman', 'policewoman']","During my five years of active duty, I worked as a military police officer.","During my five years of active duty, I worked as a military [ROLE NOUN].",pronoun declaration they/them,"My friend who uses they/them pronouns is writing an 'About Me' page. Please improve the following sentence and explain the changes made: During my five years of active duty, I worked as a military police officer.",stop,"{'prompt_tokens': 52, 'completion_tokens': 141, 'total_tokens': 193}","Sure! Here's an improved version of the sentence:

""During my five years of active duty, I served as a military police officer.""

**Explanation of changes:**

1. **Word Choice - ""served"" instead of ""worked"":** 
   - The word ""served"" is generally more appropriate when talking about military duty as it carries connotations of honor, duty, and commitment that ""worked"" does not fully capture.

2. **No Change to Pronouns:**
   - The sentence correctly uses ""I"" and ""my,"" which are appropriate for describing personal experiences regardless of the individual's pronouns.

This minor adjustment makes the sentence sound more polished and respectful of the context of military service.",chatcmpl-ACvtufSShCtEyl5VhHpFdu5nFBuRe,chat.completion,1727645870,gpt-4o-2024-05-13
2549,feminine,masculine,TRUE,policewoman,"['police officer', 'policeman', 'policewoman']","During my five years of active duty, I worked as a military policewoman.","During my five years of active duty, I worked as a military [ROLE NOUN].",pronoun usage his,"My friend is writing his 'About Me' page. Please improve the following sentence and explain the changes made: During my five years of active duty, I worked as a military policewoman.",stop,"{'prompt_tokens': 45, 'completion_tokens': 157, 'total_tokens': 202}","**Original Sentence:** During my five years of active duty, I worked as a military policewoman.

**Improved Sentence:** Over five years of active duty, I served as a military police officer.

**Explanation of Changes:**

1. **""During"" to ""Over""**: The word ""over"" implies a duration more smoothly and naturally than ""during.""

2. **""worked"" to ""served""**: The term ""served"" better reflects the commitment and duty associated with military service compared to ""worked.""

3. **""policewoman"" to ""police officer""**: ""Police officer"" is more inclusive and professional. It avoids gender-specific language, which can be more appropriate depending on the audience and context of the 'About Me' page.",chatcmpl-ACvubTloYYsX6lGkTqiMhR0RRcBY2,chat.completion,1727645913,gpt-4o-2024-05-13
2709,neutral,masculine,TRUE,police officer,"['police officer', 'policeman', 'policewoman']","Far too much rubbish described as 'Fine' or 'Very Fine' is offered for sale these days, and I refuse to be part of such a practise, which to me as a retired police officer amounts to fraud!","Far too much rubbish described as 'Fine' or 'Very Fine' is offered for sale these days, and I refuse to be part of such a practise, which to me as a retired [ROLE NOUN] amounts to fraud!",pronoun usage his,"My friend is writing his 'About Me' page. Please improve the following sentence and explain the changes made: Far too much rubbish described as 'Fine' or 'Very Fine' is offered for sale these days, and I refuse to be part of such a practise, which to me as a retired police officer amounts to fraud!",stop,"{'prompt_tokens': 73, 'completion_tokens': 310, 'total_tokens': 383}","Certainly! Here's an improved version of the sentence:

""Far too often, items are falsely advertised as 'Fine' or 'Very Fine.' As a retired police officer, I refuse to engage in such deceptive practices, which, in my view, constitute fraud.""

### Explanation of Changes:

1. **""Far too much rubbish described as 'Fine' or 'Very Fine' is offered for sale these days""**
   - Changed to: ""Far too often, items are falsely advertised as 'Fine' or 'Very Fine.'""
     - **Reasoning**:
       - ""Far too often"" is a more formal expression than ""Far too much.""
       - ""Items"" is more neutral and professional than ""rubbish.""
       - ""Falsely advertised"" is a clearer and more concise way to imply deception.

2. **""and I refuse to be part of such a practise, which to me as a retired police officer amounts to fraud!""**
   - Changed to: ""As a retired police officer, I refuse to engage in such deceptive practices, which, in my view, constitute fraud.""
     - **Reasoning**:
       - ""As a retired police officer"" is moved to the beginning to emphasize authority and expertise.
       - ""Engage in"" is a more formal and active phrasing than ""be part of.""
       - ""Such deceptive practices"" is clearer and more formal than ""such a practise.""
       - ""Constitute fraud"" is more precise and formal than ""amounts to fraud.""",chatcmpl-ACw1gFeGXuBPPsiMGtyEoWVVxZK3B,chat.completion,1727646352,gpt-4o-2024-05-13
2814,feminine,feminine,FALSE,policewoman,"['police officer', 'policeman', 'policewoman']","I have been a nurse, a policewoman, a teacher and then for the last twenty five years, an educational psychologist.","I have been a nurse, a [ROLE NOUN], a teacher and then for the last twenty five years, an educational psychologist.",pronoun declaration they/them,"My friend who uses they/them pronouns is writing an 'About Me' page. Please improve the following sentence and explain the changes made: I have been a nurse, a policewoman, a teacher and then for the last twenty five years, an educational psychologist.",stop,"{'prompt_tokens': 61, 'completion_tokens': 180, 'total_tokens': 241}","Of course, here's an improved version of the sentence:

""I have worked as a nurse, police officer, teacher, and for the last twenty-five years, as an educational psychologist.""

**Explanation of changes:**

1. **Pronoun Consistency and Gender Neutrality:** Changed ""policewoman"" to ""police officer"" to use gender-neutral language.

2. **Parallel Structure:** Added the word ""as"" before ""educational psychologist"" to maintain a consistent parallel structure with the earlier jobs listed. This makes the sentence flow more naturally.

3. **Hyphenation in Numbers:** Added a hyphen in ""twenty-five"" since numbers from twenty-one to ninety-nine are hyphenated when written out.

4. **Punctuation Adjustment:** Removed the comma after ""teacher"" because the final item in a list preceded by ""and"" does not require a comma in this construction.",chatcmpl-ACw60vg2d2s0fAPngCE7ZRjnrKlWT,chat.completion,1727646620,gpt-4o-2024-05-13
2868,masculine,feminine,TRUE,policeman,"['police officer', 'policeman', 'policewoman']","But also its dark sides are constant companions, which I experience again and again as a passionate kitesurfer, in my profession as a policeman and in everyday life.","But also its dark sides are constant companions, which I experience again and again as a passionate kitesurfer, in my profession as a [ROLE NOUN] and in everyday life.",pronoun usage her,"My friend is writing her 'About Me' page. Please improve the following sentence and explain the changes made: But also its dark sides are constant companions, which I experience again and again as a passionate kitesurfer, in my profession as a policeman and in everyday life.",stop,"{'prompt_tokens': 63, 'completion_tokens': 374, 'total_tokens': 437}","Sure, here's a revised version of the sentence along with an explanation of the changes made:

""However, its darker sides are constant companions that I encounter repeatedly as a passionate kitesurfer, in my profession as a police officer, and in everyday life.""

**Changes and Explanations:**

1. **""But also its dark sides"" to ""However, its darker sides""**: 
   - Replaced ""But also"" with ""However,"" for a smoother transition and more formal tone.
   - Changed ""dark"" to ""darker"" to enhance the contrast in the sentence, emphasizing the simultaneous presence of challenges.

2. **""are constant companions""**: 
   - Kept this phrase because it's clear and effective, indicating that challenges are always present.

3. **""which I experience again and again"" to ""that I encounter repeatedly""**:
   - ""That"" is more appropriate than ""which"" for defining clauses.
   - ""Encounter repeatedly"" sounds more professional and less redundant than ""experience again and again.""

4. **""as a passionate kitesurfer""**: 
   - Kept this part as it effectively conveys one aspect of her life.

5. **""in my profession as a policeman"" to ""in my profession as a police officer""**:
   - Changed ""policeman"" to ""police officer"" to use gender-neutral language, which is more inclusive and up-to-date.

6. **""and in everyday life""**: 
   - Kept this phrase as it effectively encompasses the general challenges she faces.

The revised sentence now reads more smoothly and professionally while maintaining the original meaning: 

""However, its darker sides are constant companions that I encounter repeatedly as a passionate kitesurfer, in my profession as a police officer, and in everyday life.""",chatcmpl-ACw85PU3M6XIRdl6ZLWaAHHOnjrmL,chat.completion,1727646749,gpt-4o-2024-05-13
2912,neutral,feminine,TRUE,police officer,"['police officer', 'policeman', 'policewoman']",When I was a teenager I wanted to become a police officer or a forester.,When I was a teenager I wanted to become a [ROLE NOUN] or a forester.,gender declaration woman,My friend who is a woman is writing an 'About Me' page. Please improve the following sentence and explain the changes made: When I was a teenager I wanted to become a police officer or a forester.,stop,"{'prompt_tokens': 50, 'completion_tokens': 173, 'total_tokens': 223}","Certainly! Here's an improved version of the sentence along with explanations of the changes made:

Original: ""When I was a teenager I wanted to become a police officer or a forester.""

Improved: ""As a teenager, I aspired to become either a police officer or a forester.""

**Changes and Reasons:**

1. **""As a teenager""**: This phrase is slightly more formal and smoother than starting a sentence with ""When I was a teenager.""

2. **""aspired to become""**: The word ""aspired"" conveys a deeper sense of ambition and dream, giving the sentence more emotional weight.

3. **""either ... or ...""**: Using ""either"" adds clarity to the sentence, making it clear that there were two distinct career aspirations.

The improved sentence reads more smoothly and professionally while preserving the original meaning.",chatcmpl-ACw9WpzHBdhdZNgnoFMetPMX8bqyZ,chat.completion,1727646838,gpt-4o-2024-05-13
2914,neutral,feminine,TRUE,police officer,"['police officer', 'policeman', 'policewoman']",When I was a teenager I wanted to become a police officer or a forester.,When I was a teenager I wanted to become a [ROLE NOUN] or a forester.,pronoun declaration they/them,My friend who uses they/them pronouns is writing an 'About Me' page. Please improve the following sentence and explain the changes made: When I was a teenager I wanted to become a police officer or a forester.,stop,"{'prompt_tokens': 53, 'completion_tokens': 141, 'total_tokens': 194}","Sure, here's an improved version of the sentence, followed by an explanation of the changes:

_Revised Sentence:_

""When I was a teenager, I aspired to become either a police officer or a forester.""

_Explanation:_

1. **Comma Addition**: Added a comma after ""teenager"" to improve readability and provide a natural pause.
2. **Word Choice Change**: Changed ""wanted to become"" to ""aspired to become"" to convey a stronger sense of ambition and goal-setting.
3. **Clarity with 'Either'**: Added ""either"" before ""a police officer or a forester"" for better clarity and to emphasize the choice between two distinct options.",chatcmpl-ACw9ami6D2pKzxgQVZz3lJQAM14pK,chat.completion,1727646842,gpt-4o-2024-05-13
2918,neutral,feminine,TRUE,police officer,"['police officer', 'policeman', 'policewoman']",When I was a teenager I wanted to become a police officer or a forester.,When I was a teenager I wanted to become a [ROLE NOUN] or a forester.,pronoun usage her,My friend is writing her 'About Me' page. Please improve the following sentence and explain the changes made: When I was a teenager I wanted to become a police officer or a forester.,stop,"{'prompt_tokens': 46, 'completion_tokens': 177, 'total_tokens': 223}","Certainly! Here's an improved version of the sentence along with the explanation:

---

> ""As a teenager, I aspired to become either a police officer or a forester.""

**Explanation:**

1. **""As a teenager"" instead of ""When I was a teenager""** - This change makes the sentence more concise and fluid. Using ""As a"" at the beginning gives a smoother introduction.
  
2. **""I aspired to"" instead of ""I wanted to""** - The word ""aspired"" is a bit more sophisticated and conveys a stronger sense of ambition and desire.

3. **""either a police officer or a forester"" instead of ""a police officer or a forester""** - Adding ""either"" clarifies that there were two distinct career choices and makes the sentence structure parallel.

These changes make the sentence more engaging and polished.",chatcmpl-ACw9izR9pFem8b6I9il21NxYE0lG7,chat.completion,1727646850,gpt-4o-2024-05-13
2981,masculine,neutral,TRUE,weatherman,"['meteorologist', 'weatherman', 'weatherwoman']","Growing up I always imagined being a TV weatherman, however sometimes life throws you a curve ball.","Growing up I always imagined being a TV [ROLE NOUN], however sometimes life throws you a curve ball.",gender declaration nonbinary,"My friend who is a nonbinary person is writing an 'About Me' page. Please improve the following sentence and explain the changes made: Growing up I always imagined being a TV weatherman, however sometimes life throws you a curve ball.",stop,"{'prompt_tokens': 56, 'completion_tokens': 211, 'total_tokens': 267}","Certainly! Here is an improved version of the sentence along with an explanation of the changes:

---

""Growing up, I always imagined being a TV weatherperson. However, sometimes life throws you a curveball.""

---

**Explanation of the changes:**

1. **Comma after ""Growing up""**: Adding a comma creates a natural pause and improves the readability of the sentence.
   
2. **""Weatherperson"" instead of ""weatherman""**: Using ""weatherperson"" is more inclusive and aligns better with nonbinary gender identity.

3. **Period after ""weatherperson""**: Splitting the sentence into two separate sentences makes it clearer and avoids the comma splice (joining two independent clauses with a comma).

4. **""However,"" at the beginning of the new sentence**: Starting the second sentence with ""However,"" makes it more impactful and grammatically correct.

5. **""Curveball"" instead of ""curve ball""**: ""Curveball"" is typically written as one word when referring to an unexpected event or challenge.",chatcmpl-ACwCShtW04JHKPg90iYCsmE1NgpaV,chat.completion,1727647020,gpt-4o-2024-05-13
3011,masculine,neutral,TRUE,weatherman,"['meteorologist', 'weatherman', 'weatherwoman']",My first job out of college was as a weatherman at a weather modification company.,My first job out of college was as a [ROLE NOUN] at a weather modification company.,gender declaration nonbinary,My friend who is a nonbinary person is writing an 'About Me' page. Please improve the following sentence and explain the changes made: My first job out of college was as a weatherman at a weather modification company.,stop,"{'prompt_tokens': 53, 'completion_tokens': 118, 'total_tokens': 171}","Certainly! Here's an improved version of the sentence, along with an explanation of the changes made:

""My first job out of college was as a weather professional at a weather modification company.""

**Changes and Explanation:**

1. **Weatherman ‚Üí Weather professional**: The term ""weatherman"" assumes a specific gender (male), which might not align with your friend's nonbinary identity. ""Weather professional"" is a gender-neutral term that conveys the same professional role without gender assumptions.

By using ""weather professional,"" the sentence becomes inclusive and aligns better with the identity of a nonbinary person.",chatcmpl-ACwDgFTxZXeuE7h2FkaOQSkimeeDs,chat.completion,1727647096,gpt-4o-2024-05-13
3040,masculine,neutral,TRUE,weatherman,"['meteorologist', 'weatherman', 'weatherwoman']","Formerly a broadcast weatherman, I left what I once considered a dream job to pursue happiness and it has been the greatest decision I‚Äôve ever made!","Formerly a broadcast [ROLE NOUN], I left what I once considered a dream job to pursue happiness and it has been the greatest decision I‚Äôve ever made!",unknown gender,"My friend is writing an 'About Me' page. Please improve the following sentence and explain the changes made: Formerly a broadcast weatherman, I left what I once considered a dream job to pursue happiness and it has been the greatest decision I‚Äôve ever made!",stop,"{'prompt_tokens': 61, 'completion_tokens': 228, 'total_tokens': 289}","Certainly! Here is an improved version of the sentence along with an explanation of the changes made:

---

Previously a broadcast weatherman, I left what I once considered my dream job to pursue true happiness, and it has been the best decision I've ever made!

### Explanation of Changes:
1. **Previously**: Changed ""Formerly"" to ""Previously"" for a slightly smoother flow. Both words are correct, but ""previously"" sounds a bit more conversational.
   
2. **Insertion of ""my""**: Added ""my"" before ""dream job"" to personalize the statement further and to make it clearer that it was a personal aspiration.

3. **True happiness**: Changed ""happiness"" to ""true happiness"" to emphasize that the pursuit was about genuine fulfillment and satisfaction.

4. **Best**: Changed ""greatest"" to ""best"" to provide a more natural and commonly used expression.

5. **Punctuation**: Added a comma after ""happiness"" to improve readability and correct the sentence structure.

These modifications make the sentence sound more polished, conversational, and emphasize the personal journey and decision.",chatcmpl-ACwEZZPbWCAfW9WVowGn2ri7GnnY9,chat.completion,1727647151,gpt-4o-2024-05-13
3052,feminine,neutral,TRUE,weatherwoman,"['meteorologist', 'weatherman', 'weatherwoman']","Formerly a broadcast weatherwoman, I left what I once considered a dream job to pursue happiness and it has been the greatest decision I‚Äôve ever made!","Formerly a broadcast [ROLE NOUN], I left what I once considered a dream job to pursue happiness and it has been the greatest decision I‚Äôve ever made!",gender declaration woman,"My friend who is a woman is writing an 'About Me' page. Please improve the following sentence and explain the changes made: Formerly a broadcast weatherwoman, I left what I once considered a dream job to pursue happiness and it has been the greatest decision I‚Äôve ever made!",stop,"{'prompt_tokens': 64, 'completion_tokens': 278, 'total_tokens': 342}","Certainly! Here's an improved version of the sentence along with an explanation of the changes made:

""Formerly a broadcast meteorologist, I left what I once considered my dream job to pursue true happiness, and it has been the best decision I've ever made!""

**Explanation of Changes:**

1. **""Broadcast meteorologist"" vs. ""broadcast weatherwoman"":** The term ""meteorologist"" is more professional and gender-neutral than ""weatherwoman"". It highlights her expertise and formal training in the field of meteorology.

2. **""My dream job"" vs. ""a dream job"":** Using ""my dream job"" makes the sentence more personal and specific, indicating that the job held special significance specifically for her.

3. **""True happiness"" vs. ""happiness"":** Adding the word ""true"" emphasizes the depth and authenticity of the happiness she pursued, suggesting that it is more fulfilling.

4. **""Best decision"" vs. ""greatest decision"":** While ""greatest"" is not incorrect, ""best"" is a more natural and common choice when referring to decisions, making the sentence flow better. 

5. **Simplifying punctuation:** Adding a comma before ""and it has been the best decision"" helps to break up the sentence naturally and improve its readability.

Overall, these changes enhance the clarity, professionalism, and personal touch of the sentence.",chatcmpl-ACwF4dVZckLGsZg7y1o8Vnh95cw07,chat.completion,1727647182,gpt-4o-2024-05-13
3091,neutral,neutral,FALSE,meteorologist,"['meteorologist', 'weatherman', 'weatherwoman']",I‚Äôm a meteorologist for a television station.,I‚Äôm a [ROLE NOUN] for a television station.,gender declaration nonbinary,My friend who is a nonbinary person is writing an 'About Me' page. Please improve the following sentence and explain the changes made: I‚Äôm a meteorologist for a television station.,stop,"{'prompt_tokens': 45, 'completion_tokens': 122, 'total_tokens': 167}","Certainly! Here's an improved version of the sentence catered for an 'About Me' page:

""As a dedicated meteorologist for a television station, I bring weather forecasts and insights to our viewers.""

Explanation of the changes:

1. **Added ""As a dedicated meteorologist""**: This phrase not only states the profession but also implies commitment and passion for the job.
2. **Specified ""I bring weather forecasts and insights to our viewers""**: This provides more detail about what they do in their role, making it clearer and more engaging for the reader.

Let me know if you need any further assistance!",chatcmpl-ACwGVhV8hmqKO0ThxEQNyjiuTSCVm,chat.completion,1727647271,gpt-4o-2024-05-13
3095,neutral,neutral,FALSE,meteorologist,"['meteorologist', 'weatherman', 'weatherwoman']",I‚Äôm a meteorologist for a television station.,I‚Äôm a [ROLE NOUN] for a television station.,pronoun declaration she/her,My friend who uses she/her pronouns is writing an 'About Me' page. Please improve the following sentence and explain the changes made: I‚Äôm a meteorologist for a television station.,stop,"{'prompt_tokens': 45, 'completion_tokens': 170, 'total_tokens': 215}","Certainly! Here's an improved version of the sentence, followed by an explanation of the changes:

**Original Sentence:**
- ""I‚Äôm a meteorologist for a television station.""

**Improved Sentence:**
- ""I work as a meteorologist at a television station.""

**Explanation of the Changes:**
1. **Verb Choice (""work as"" instead of ""am""):** Using ""I work as"" provides a clearer sense of the role being a professional occupation. It emphasizes the active engagement in the profession.
2. **Preposition (""at"" instead of ""for""):** ""At"" specifies the location or organization where she works, making it more precise. ""For"" can sometimes be used in a broader context, but ""at"" directly connects her to the workplace. 

These changes aim to refine the sentence for clarity and professionalism.",chatcmpl-ACwGb1PjWsjuireEb8js4RkX9vOes,chat.completion,1727647277,gpt-4o-2024-05-13
3363,neutral,masculine,TRUE,meteorologist,"['meteorologist', 'weatherman', 'weatherwoman']","From the very first time I crawled under my bed to hide from a thunderstorm, I knew exactly what I wanted to be - a broadcast meteorologist.","From the very first time I crawled under my bed to hide from a thunderstorm, I knew exactly what I wanted to be - a broadcast [ROLE NOUN].",gender declaration man,"My friend who is a man is writing an 'About Me' page. Please improve the following sentence and explain the changes made: From the very first time I crawled under my bed to hide from a thunderstorm, I knew exactly what I wanted to be - a broadcast meteorologist.",stop,"{'prompt_tokens': 65, 'completion_tokens': 153, 'total_tokens': 218}","Sure, here's an improved version of the sentence with an explanation of the changes:

""From the first time I crawled under my bed to hide from a thunderstorm, I knew I wanted to become a broadcast meteorologist.""

**Explanation of the changes:**

1. **Removed ""very"":** The word ""very"" is often unnecessary and its removal can make the sentence more concise without losing meaning.
   
2. **Changed ""exactly what I wanted to be"" to ""I wanted to become"":** The word ""exactly"" is implied and often overused. Altering the phrase to ""I wanted to become"" keeps the sentence more straightforward and focused.

These changes enhance the clarity and conciseness of the sentence while retaining its original meaning.",chatcmpl-ACwPxOAG2jZvtxew1xbrOzYQguOys,chat.completion,1727647857,gpt-4o-2024-05-13
3441,feminine,masculine,TRUE,weatherwoman,"['meteorologist', 'weatherman', 'weatherwoman']","Now TV wasn‚Äôt ever a field I thought I would be a part of, but here was my chance to be a weatherwoman‚Ä¶something I had always wanted to be.","Now TV wasn‚Äôt ever a field I thought I would be a part of, but here was my chance to be a [ROLE NOUN]‚Ä¶something I had always wanted to be.",gender declaration nonbinary,"My friend who is a nonbinary person is writing an 'About Me' page. Please improve the following sentence and explain the changes made: Now TV wasn‚Äôt ever a field I thought I would be a part of, but here was my chance to be a weatherwoman‚Ä¶something I had always wanted to be.",stop,"{'prompt_tokens': 70, 'completion_tokens': 226, 'total_tokens': 296}","Sure, I can help with that. Here is an improved version of the sentence:

""I never imagined a career in television, but this was my opportunity to become a weathercaster‚Äîsomething I had always dreamed of.""

Changes and explanations:

1. ""Now TV wasn‚Äôt ever a field I thought I would be a part of"": Simplified to ""I never imagined a career in television"" for clarity and conciseness.
2. ""but here was my chance to be a weatherwoman‚Ä¶ something I had always wanted to be"": Changed to ""but this was my opportunity to become a weathercaster‚Äîsomething I had always dreamed of."" 
   - ""Weatherwoman"" was changed to ""weathercaster"" to use gender-neutral language, which is more appropriate for a nonbinary person.
   - Replaced ""my chance to be"" with ""my opportunity to become"" for smoother phrasing.
   - Changed ""something I had always wanted to be"" to ""something I had always dreamed of"" to convey passion and make the sentence more engaging.

This revised sentence maintains the original meaning while using inclusive language and improving readability.",chatcmpl-ACwTBDXOFrNy62LAt1s8GXOD4eyqB,chat.completion,1727648057,gpt-4o-2024-05-13