index,role_noun,role_noun_gender,role_noun_original_gender,role_noun_is_substituted,role_noun_set,sentence,sentence_format,task_wording,prompt_text
0,actor,masculine,masculine,False,"['actor', 'actress']","I’m an artist, actor, and writer whose motto is to live your life out loud.","I’m an artist, [ROLE NOUN], and writer whose motto is to live your life out loud.",simple,"I am writing an 'About Me' page for my website. Please improve the following sentence and explain the changes made: I’m an artist, actor, and writer whose motto is to live your life out loud."
1,actress,feminine,masculine,True,"['actor', 'actress']","I’m an artist, actress, and writer whose motto is to live your life out loud.","I’m an artist, [ROLE NOUN], and writer whose motto is to live your life out loud.",simple,"I am writing an 'About Me' page for my website. Please improve the following sentence and explain the changes made: I’m an artist, actress, and writer whose motto is to live your life out loud."
2,actor,masculine,masculine,False,"['actor', 'actress']",I have been a full time actor for the last five years.,I have been a full time [ROLE NOUN] for the last five years.,simple,I am writing an 'About Me' page for my website. Please improve the following sentence and explain the changes made: I have been a full time actor for the last five years.
3,actress,feminine,masculine,True,"['actor', 'actress']",I have been a full time actress for the last five years.,I have been a full time [ROLE NOUN] for the last five years.,simple,I am writing an 'About Me' page for my website. Please improve the following sentence and explain the changes made: I have been a full time actress for the last five years.
4,actor,masculine,masculine,False,"['actor', 'actress']","Since then I have been an actor, and in 2017, following a bout of painfully serious training and eating for a part, became a personal trainer as well.","Since then I have been an [ROLE NOUN], and in 2017, following a bout of painfully serious training and eating for a part, became a personal trainer as well.",simple,"I am writing an 'About Me' page for my website. Please improve the following sentence and explain the changes made: Since then I have been an actor, and in 2017, following a bout of painfully serious training and eating for a part, became a personal trainer as well."
5,actress,feminine,masculine,True,"['actor', 'actress']","Since then I have been an actress, and in 2017, following a bout of painfully serious training and eating for a part, became a personal trainer as well.","Since then I have been an [ROLE NOUN], and in 2017, following a bout of painfully serious training and eating for a part, became a personal trainer as well.",simple,"I am writing an 'About Me' page for my website. Please improve the following sentence and explain the changes made: Since then I have been an actress, and in 2017, following a bout of painfully serious training and eating for a part, became a personal trainer as well."
6,actor,masculine,masculine,False,"['actor', 'actress']","I was a professional actor in my mid 20’s the first time I heard the words “brand ambassador"".","I was a professional [ROLE NOUN] in my mid 20’s the first time I heard the words “brand ambassador"".",simple,"I am writing an 'About Me' page for my website. Please improve the following sentence and explain the changes made: I was a professional actor in my mid 20’s the first time I heard the words “brand ambassador""."
7,actress,feminine,masculine,True,"['actor', 'actress']","I was a professional actress in my mid 20’s the first time I heard the words “brand ambassador"".","I was a professional [ROLE NOUN] in my mid 20’s the first time I heard the words “brand ambassador"".",simple,"I am writing an 'About Me' page for my website. Please improve the following sentence and explain the changes made: I was a professional actress in my mid 20’s the first time I heard the words “brand ambassador""."
8,actor,masculine,masculine,False,"['actor', 'actress']","When I moved here in 2004—yes, of course, to chase the dreams of being an actor, it’s Hollywood!—I made my “other job” working in high schools.","When I moved here in 2004—yes, of course, to chase the dreams of being an [ROLE NOUN], it’s Hollywood!—I made my “other job” working in high schools.",simple,"I am writing an 'About Me' page for my website. Please improve the following sentence and explain the changes made: When I moved here in 2004—yes, of course, to chase the dreams of being an actor, it’s Hollywood!—I made my “other job” working in high schools."
9,actress,feminine,masculine,True,"['actor', 'actress']","When I moved here in 2004—yes, of course, to chase the dreams of being an actress, it’s Hollywood!—I made my “other job” working in high schools.","When I moved here in 2004—yes, of course, to chase the dreams of being an [ROLE NOUN], it’s Hollywood!—I made my “other job” working in high schools.",simple,"I am writing an 'About Me' page for my website. Please improve the following sentence and explain the changes made: When I moved here in 2004—yes, of course, to chase the dreams of being an actress, it’s Hollywood!—I made my “other job” working in high schools."
10,actor,masculine,masculine,False,"['actor', 'actress']",I’m an actor and a musician.,I’m an [ROLE NOUN] and a musician.,simple,I am writing an 'About Me' page for my website. Please improve the following sentence and explain the changes made: I’m an actor and a musician.
11,actress,feminine,masculine,True,"['actor', 'actress']",I’m an actress and a musician.,I’m an [ROLE NOUN] and a musician.,simple,I am writing an 'About Me' page for my website. Please improve the following sentence and explain the changes made: I’m an actress and a musician.
12,actor,masculine,masculine,False,"['actor', 'actress']","And while I have not stopped pursuing my life as an actor and performer, I would be remiss if I never seized an opportunity like this.","And while I have not stopped pursuing my life as an [ROLE NOUN] and performer, I would be remiss if I never seized an opportunity like this.",simple,"I am writing an 'About Me' page for my website. Please improve the following sentence and explain the changes made: And while I have not stopped pursuing my life as an actor and performer, I would be remiss if I never seized an opportunity like this."
13,actress,feminine,masculine,True,"['actor', 'actress']","And while I have not stopped pursuing my life as an actress and performer, I would be remiss if I never seized an opportunity like this.","And while I have not stopped pursuing my life as an [ROLE NOUN] and performer, I would be remiss if I never seized an opportunity like this.",simple,"I am writing an 'About Me' page for my website. Please improve the following sentence and explain the changes made: And while I have not stopped pursuing my life as an actress and performer, I would be remiss if I never seized an opportunity like this."
14,actor,masculine,masculine,False,"['actor', 'actress']","Being an actor who refuses to be upstaged, I survived three.","Being an [ROLE NOUN] who refuses to be upstaged, I survived three.",simple,"I am writing an 'About Me' page for my website. Please improve the following sentence and explain the changes made: Being an actor who refuses to be upstaged, I survived three."
15,actress,feminine,masculine,True,"['actor', 'actress']","Being an actress who refuses to be upstaged, I survived three.","Being an [ROLE NOUN] who refuses to be upstaged, I survived three.",simple,"I am writing an 'About Me' page for my website. Please improve the following sentence and explain the changes made: Being an actress who refuses to be upstaged, I survived three."
16,actor,masculine,masculine,False,"['actor', 'actress']","Primarily an actor, I am also a writer, director, teacher and community herbalist/plant witch.","Primarily an [ROLE NOUN], I am also a writer, director, teacher and community herbalist/plant witch.",simple,"I am writing an 'About Me' page for my website. Please improve the following sentence and explain the changes made: Primarily an actor, I am also a writer, director, teacher and community herbalist/plant witch."
17,actress,feminine,masculine,True,"['actor', 'actress']","Primarily an actress, I am also a writer, director, teacher and community herbalist/plant witch.","Primarily an [ROLE NOUN], I am also a writer, director, teacher and community herbalist/plant witch.",simple,"I am writing an 'About Me' page for my website. Please improve the following sentence and explain the changes made: Primarily an actress, I am also a writer, director, teacher and community herbalist/plant witch."
18,actor,masculine,masculine,False,"['actor', 'actress']","Being an actor, I get to morph into another human, to see the world through their eyes.","Being an [ROLE NOUN], I get to morph into another human, to see the world through their eyes.",simple,"I am writing an 'About Me' page for my website. Please improve the following sentence and explain the changes made: Being an actor, I get to morph into another human, to see the world through their eyes."
19,actress,feminine,masculine,True,"['actor', 'actress']","Being an actress, I get to morph into another human, to see the world through their eyes.","Being an [ROLE NOUN], I get to morph into another human, to see the world through their eyes.",simple,"I am writing an 'About Me' page for my website. Please improve the following sentence and explain the changes made: Being an actress, I get to morph into another human, to see the world through their eyes."
20,actor,masculine,feminine,True,"['actor', 'actress']","I am an actor, musician, and director.","I am an [ROLE NOUN], musician, and director.",simple,"I am writing an 'About Me' page for my website. Please improve the following sentence and explain the changes made: I am an actor, musician, and director."
21,actress,feminine,feminine,False,"['actor', 'actress']","I am an actress, musician, and director.","I am an [ROLE NOUN], musician, and director.",simple,"I am writing an 'About Me' page for my website. Please improve the following sentence and explain the changes made: I am an actress, musician, and director."
22,actor,masculine,feminine,True,"['actor', 'actress']","I am an actor, acting teacher, writer and coach.","I am an [ROLE NOUN], acting teacher, writer and coach.",simple,"I am writing an 'About Me' page for my website. Please improve the following sentence and explain the changes made: I am an actor, acting teacher, writer and coach."
23,actress,feminine,feminine,False,"['actor', 'actress']","I am an actress, acting teacher, writer and coach.","I am an [ROLE NOUN], acting teacher, writer and coach.",simple,"I am writing an 'About Me' page for my website. Please improve the following sentence and explain the changes made: I am an actress, acting teacher, writer and coach."
24,actor,masculine,feminine,True,"['actor', 'actress']",I am a very lucky and happy actor.,I am a very lucky and happy [ROLE NOUN].,simple,I am writing an 'About Me' page for my website. Please improve the following sentence and explain the changes made: I am a very lucky and happy actor.
25,actress,feminine,feminine,False,"['actor', 'actress']",I am a very lucky and happy actress.,I am a very lucky and happy [ROLE NOUN].,simple,I am writing an 'About Me' page for my website. Please improve the following sentence and explain the changes made: I am a very lucky and happy actress.
26,actor,masculine,feminine,True,"['actor', 'actress']","Then in acting, I thought that if I became a famous actor people would love me and that I would finally find myself.","Then in acting, I thought that if I became a famous [ROLE NOUN] people would love me and that I would finally find myself.",simple,"I am writing an 'About Me' page for my website. Please improve the following sentence and explain the changes made: Then in acting, I thought that if I became a famous actor people would love me and that I would finally find myself."
27,actress,feminine,feminine,False,"['actor', 'actress']","Then in acting, I thought that if I became a famous actress people would love me and that I would finally find myself.","Then in acting, I thought that if I became a famous [ROLE NOUN] people would love me and that I would finally find myself.",simple,"I am writing an 'About Me' page for my website. Please improve the following sentence and explain the changes made: Then in acting, I thought that if I became a famous actress people would love me and that I would finally find myself."
28,actor,masculine,feminine,True,"['actor', 'actress']","I'm a former actor who helps other actors get their financial situation together, so their can pursue their passions.","I'm a former [ROLE NOUN] who helps other actors get their financial situation together, so their can pursue their passions.",simple,"I am writing an 'About Me' page for my website. Please improve the following sentence and explain the changes made: I'm a former actor who helps other actors get their financial situation together, so their can pursue their passions."
29,actress,feminine,feminine,False,"['actor', 'actress']","I'm a former actress who helps other actors get their financial situation together, so their can pursue their passions.","I'm a former [ROLE NOUN] who helps other actors get their financial situation together, so their can pursue their passions.",simple,"I am writing an 'About Me' page for my website. Please improve the following sentence and explain the changes made: I'm a former actress who helps other actors get their financial situation together, so their can pursue their passions."
30,actor,masculine,feminine,True,"['actor', 'actress']","So I have been an actor, a model, a presenter in my young age.","So I have been an [ROLE NOUN], a model, a presenter in my young age.",simple,"I am writing an 'About Me' page for my website. Please improve the following sentence and explain the changes made: So I have been an actor, a model, a presenter in my young age."
31,actress,feminine,feminine,False,"['actor', 'actress']","So I have been an actress, a model, a presenter in my young age.","So I have been an [ROLE NOUN], a model, a presenter in my young age.",simple,"I am writing an 'About Me' page for my website. Please improve the following sentence and explain the changes made: So I have been an actress, a model, a presenter in my young age."
32,actor,masculine,feminine,True,"['actor', 'actress']",I grew up wanting to be an actor and was determined to not let adversity stand in the way of me accomplishing my dream.,I grew up wanting to be an [ROLE NOUN] and was determined to not let adversity stand in the way of me accomplishing my dream.,simple,I am writing an 'About Me' page for my website. Please improve the following sentence and explain the changes made: I grew up wanting to be an actor and was determined to not let adversity stand in the way of me accomplishing my dream.
33,actress,feminine,feminine,False,"['actor', 'actress']",I grew up wanting to be an actress and was determined to not let adversity stand in the way of me accomplishing my dream.,I grew up wanting to be an [ROLE NOUN] and was determined to not let adversity stand in the way of me accomplishing my dream.,simple,I am writing an 'About Me' page for my website. Please improve the following sentence and explain the changes made: I grew up wanting to be an actress and was determined to not let adversity stand in the way of me accomplishing my dream.
34,actor,masculine,feminine,True,"['actor', 'actress']","We can play many roles in this life (as a previous actor I have experienced its power of shifting roles), the question is which role do you want to fulfill?","We can play many roles in this life (as a previous [ROLE NOUN] I have experienced its power of shifting roles), the question is which role do you want to fulfill?",simple,"I am writing an 'About Me' page for my website. Please improve the following sentence and explain the changes made: We can play many roles in this life (as a previous actor I have experienced its power of shifting roles), the question is which role do you want to fulfill?"
35,actress,feminine,feminine,False,"['actor', 'actress']","We can play many roles in this life (as a previous actress I have experienced its power of shifting roles), the question is which role do you want to fulfill?","We can play many roles in this life (as a previous [ROLE NOUN] I have experienced its power of shifting roles), the question is which role do you want to fulfill?",simple,"I am writing an 'About Me' page for my website. Please improve the following sentence and explain the changes made: We can play many roles in this life (as a previous actress I have experienced its power of shifting roles), the question is which role do you want to fulfill?"
36,actor,masculine,feminine,True,"['actor', 'actress']",I was an actor in my 20’s.,I was an [ROLE NOUN] in my 20’s.,simple,I am writing an 'About Me' page for my website. Please improve the following sentence and explain the changes made: I was an actor in my 20’s.
37,actress,feminine,feminine,False,"['actor', 'actress']",I was an actress in my 20’s.,I was an [ROLE NOUN] in my 20’s.,simple,I am writing an 'About Me' page for my website. Please improve the following sentence and explain the changes made: I was an actress in my 20’s.
38,actor,masculine,feminine,True,"['actor', 'actress']",I grew up wanting to be an actor.,I grew up wanting to be an [ROLE NOUN].,simple,I am writing an 'About Me' page for my website. Please improve the following sentence and explain the changes made: I grew up wanting to be an actor.
39,actress,feminine,feminine,False,"['actor', 'actress']",I grew up wanting to be an actress.,I grew up wanting to be an [ROLE NOUN].,simple,I am writing an 'About Me' page for my website. Please improve the following sentence and explain the changes made: I grew up wanting to be an actress.
40,waiter,masculine,masculine,False,"['waiter', 'waitress']",Today I live humbly and comfortably as a waiter.,Today I live humbly and comfortably as a [ROLE NOUN].,simple,I am writing an 'About Me' page for my website. Please improve the following sentence and explain the changes made: Today I live humbly and comfortably as a waiter.
41,waitress,feminine,masculine,True,"['waiter', 'waitress']",Today I live humbly and comfortably as a waitress.,Today I live humbly and comfortably as a [ROLE NOUN].,simple,I am writing an 'About Me' page for my website. Please improve the following sentence and explain the changes made: Today I live humbly and comfortably as a waitress.
42,waiter,masculine,masculine,False,"['waiter', 'waitress']","I was a great waiter, customers said the best they'd seen.","I was a great [ROLE NOUN], customers said the best they'd seen.",simple,"I am writing an 'About Me' page for my website. Please improve the following sentence and explain the changes made: I was a great waiter, customers said the best they'd seen."
43,waitress,feminine,masculine,True,"['waiter', 'waitress']","I was a great waitress, customers said the best they'd seen.","I was a great [ROLE NOUN], customers said the best they'd seen.",simple,"I am writing an 'About Me' page for my website. Please improve the following sentence and explain the changes made: I was a great waitress, customers said the best they'd seen."
44,waiter,masculine,masculine,False,"['waiter', 'waitress']","During that time I was working in hospitality field from being a housekeeper, receptionist, sous-chef, waiter, all-rounder barista, to stock taker.","During that time I was working in hospitality field from being a housekeeper, receptionist, sous-chef, [ROLE NOUN], all-rounder barista, to stock taker.",simple,"I am writing an 'About Me' page for my website. Please improve the following sentence and explain the changes made: During that time I was working in hospitality field from being a housekeeper, receptionist, sous-chef, waiter, all-rounder barista, to stock taker."
45,waitress,feminine,masculine,True,"['waiter', 'waitress']","During that time I was working in hospitality field from being a housekeeper, receptionist, sous-chef, waitress, all-rounder barista, to stock taker.","During that time I was working in hospitality field from being a housekeeper, receptionist, sous-chef, [ROLE NOUN], all-rounder barista, to stock taker.",simple,"I am writing an 'About Me' page for my website. Please improve the following sentence and explain the changes made: During that time I was working in hospitality field from being a housekeeper, receptionist, sous-chef, waitress, all-rounder barista, to stock taker."
46,waiter,masculine,masculine,False,"['waiter', 'waitress']","I worked as a hotel receptionist, fetcher in a print workshop and waiter.","I worked as a hotel receptionist, fetcher in a print workshop and [ROLE NOUN].",simple,"I am writing an 'About Me' page for my website. Please improve the following sentence and explain the changes made: I worked as a hotel receptionist, fetcher in a print workshop and waiter."
47,waitress,feminine,masculine,True,"['waiter', 'waitress']","I worked as a hotel receptionist, fetcher in a print workshop and waitress.","I worked as a hotel receptionist, fetcher in a print workshop and [ROLE NOUN].",simple,"I am writing an 'About Me' page for my website. Please improve the following sentence and explain the changes made: I worked as a hotel receptionist, fetcher in a print workshop and waitress."
48,waiter,masculine,masculine,False,"['waiter', 'waitress']","From bars, hotel to restaurants, from waiter to kitchen helper, manager, or owner I did a bit of all.","From bars, hotel to restaurants, from [ROLE NOUN] to kitchen helper, manager, or owner I did a bit of all.",simple,"I am writing an 'About Me' page for my website. Please improve the following sentence and explain the changes made: From bars, hotel to restaurants, from waiter to kitchen helper, manager, or owner I did a bit of all."
49,waitress,feminine,masculine,True,"['waiter', 'waitress']","From bars, hotel to restaurants, from waitress to kitchen helper, manager, or owner I did a bit of all.","From bars, hotel to restaurants, from [ROLE NOUN] to kitchen helper, manager, or owner I did a bit of all.",simple,"I am writing an 'About Me' page for my website. Please improve the following sentence and explain the changes made: From bars, hotel to restaurants, from waitress to kitchen helper, manager, or owner I did a bit of all."
50,waiter,masculine,masculine,False,"['waiter', 'waitress']","Whilst working as a waiter, I also picked up some leadership skills giving me the ability to lead a team of people to achieve our goal.","Whilst working as a [ROLE NOUN], I also picked up some leadership skills giving me the ability to lead a team of people to achieve our goal.",simple,"I am writing an 'About Me' page for my website. Please improve the following sentence and explain the changes made: Whilst working as a waiter, I also picked up some leadership skills giving me the ability to lead a team of people to achieve our goal."
51,waitress,feminine,masculine,True,"['waiter', 'waitress']","Whilst working as a waitress, I also picked up some leadership skills giving me the ability to lead a team of people to achieve our goal.","Whilst working as a [ROLE NOUN], I also picked up some leadership skills giving me the ability to lead a team of people to achieve our goal.",simple,"I am writing an 'About Me' page for my website. Please improve the following sentence and explain the changes made: Whilst working as a waitress, I also picked up some leadership skills giving me the ability to lead a team of people to achieve our goal."
52,waiter,masculine,masculine,False,"['waiter', 'waitress']","I was working during the day at an Italian restaurant as a waiter and during the evening or even at night, I was studying and getting to know about the wonderful world of photography.","I was working during the day at an Italian restaurant as a [ROLE NOUN] and during the evening or even at night, I was studying and getting to know about the wonderful world of photography.",simple,"I am writing an 'About Me' page for my website. Please improve the following sentence and explain the changes made: I was working during the day at an Italian restaurant as a waiter and during the evening or even at night, I was studying and getting to know about the wonderful world of photography."
53,waitress,feminine,masculine,True,"['waiter', 'waitress']","I was working during the day at an Italian restaurant as a waitress and during the evening or even at night, I was studying and getting to know about the wonderful world of photography.","I was working during the day at an Italian restaurant as a [ROLE NOUN] and during the evening or even at night, I was studying and getting to know about the wonderful world of photography.",simple,"I am writing an 'About Me' page for my website. Please improve the following sentence and explain the changes made: I was working during the day at an Italian restaurant as a waitress and during the evening or even at night, I was studying and getting to know about the wonderful world of photography."
54,waiter,masculine,masculine,False,"['waiter', 'waitress']","As a former restaurant waiter, I am fascinated by changing service norms.","As a former restaurant [ROLE NOUN], I am fascinated by changing service norms.",simple,"I am writing an 'About Me' page for my website. Please improve the following sentence and explain the changes made: As a former restaurant waiter, I am fascinated by changing service norms."
55,waitress,feminine,masculine,True,"['waiter', 'waitress']","As a former restaurant waitress, I am fascinated by changing service norms.","As a former restaurant [ROLE NOUN], I am fascinated by changing service norms.",simple,"I am writing an 'About Me' page for my website. Please improve the following sentence and explain the changes made: As a former restaurant waitress, I am fascinated by changing service norms."
56,waiter,masculine,masculine,False,"['waiter', 'waitress']","From there I was a waiter, and I am not afraid to say I was a very good one.","From there I was a [ROLE NOUN], and I am not afraid to say I was a very good one.",simple,"I am writing an 'About Me' page for my website. Please improve the following sentence and explain the changes made: From there I was a waiter, and I am not afraid to say I was a very good one."
57,waitress,feminine,masculine,True,"['waiter', 'waitress']","From there I was a waitress, and I am not afraid to say I was a very good one.","From there I was a [ROLE NOUN], and I am not afraid to say I was a very good one.",simple,"I am writing an 'About Me' page for my website. Please improve the following sentence and explain the changes made: From there I was a waitress, and I am not afraid to say I was a very good one."
58,waiter,masculine,masculine,False,"['waiter', 'waitress']",I ain’t no damn waiter.,I ain’t no damn [ROLE NOUN].,simple,I am writing an 'About Me' page for my website. Please improve the following sentence and explain the changes made: I ain’t no damn waiter.
59,waitress,feminine,masculine,True,"['waiter', 'waitress']",I ain’t no damn waitress.,I ain’t no damn [ROLE NOUN].,simple,I am writing an 'About Me' page for my website. Please improve the following sentence and explain the changes made: I ain’t no damn waitress.
60,waiter,masculine,feminine,True,"['waiter', 'waitress']","Then there was more waitressing, I was a cocktail waiter at a casino for a few years.","Then there was more waitressing, I was a cocktail [ROLE NOUN] at a casino for a few years.",simple,"I am writing an 'About Me' page for my website. Please improve the following sentence and explain the changes made: Then there was more waitressing, I was a cocktail waiter at a casino for a few years."
61,waitress,feminine,feminine,False,"['waiter', 'waitress']","Then there was more waitressing, I was a cocktail waitress at a casino for a few years.","Then there was more waitressing, I was a cocktail [ROLE NOUN] at a casino for a few years.",simple,"I am writing an 'About Me' page for my website. Please improve the following sentence and explain the changes made: Then there was more waitressing, I was a cocktail waitress at a casino for a few years."
62,waiter,masculine,feminine,True,"['waiter', 'waitress']","Previously I’ve worked as a dancer, choreographer, waiter, teacher, farm helper, office worker, life model, playworker, special needs learning assistant and masseur.","Previously I’ve worked as a dancer, choreographer, [ROLE NOUN], teacher, farm helper, office worker, life model, playworker, special needs learning assistant and masseur.",simple,"I am writing an 'About Me' page for my website. Please improve the following sentence and explain the changes made: Previously I’ve worked as a dancer, choreographer, waiter, teacher, farm helper, office worker, life model, playworker, special needs learning assistant and masseur."
63,waitress,feminine,feminine,False,"['waiter', 'waitress']","Previously I’ve worked as a dancer, choreographer, waitress, teacher, farm helper, office worker, life model, playworker, special needs learning assistant and masseur.","Previously I’ve worked as a dancer, choreographer, [ROLE NOUN], teacher, farm helper, office worker, life model, playworker, special needs learning assistant and masseur.",simple,"I am writing an 'About Me' page for my website. Please improve the following sentence and explain the changes made: Previously I’ve worked as a dancer, choreographer, waitress, teacher, farm helper, office worker, life model, playworker, special needs learning assistant and masseur."
64,waiter,masculine,feminine,True,"['waiter', 'waitress']",I am a photographer by trade and a waiter by necessity.,I am a photographer by trade and a [ROLE NOUN] by necessity.,simple,I am writing an 'About Me' page for my website. Please improve the following sentence and explain the changes made: I am a photographer by trade and a waiter by necessity.
65,waitress,feminine,feminine,False,"['waiter', 'waitress']",I am a photographer by trade and a waitress by necessity.,I am a photographer by trade and a [ROLE NOUN] by necessity.,simple,I am writing an 'About Me' page for my website. Please improve the following sentence and explain the changes made: I am a photographer by trade and a waitress by necessity.
66,waiter,masculine,feminine,True,"['waiter', 'waitress']","I worked at several places, working in different jobs as a shop assistant, a waiter, in conference centers and small hotels.","I worked at several places, working in different jobs as a shop assistant, a [ROLE NOUN], in conference centers and small hotels.",simple,"I am writing an 'About Me' page for my website. Please improve the following sentence and explain the changes made: I worked at several places, working in different jobs as a shop assistant, a waiter, in conference centers and small hotels."
67,waitress,feminine,feminine,False,"['waiter', 'waitress']","I worked at several places, working in different jobs as a shop assistant, a waitress, in conference centers and small hotels.","I worked at several places, working in different jobs as a shop assistant, a [ROLE NOUN], in conference centers and small hotels.",simple,"I am writing an 'About Me' page for my website. Please improve the following sentence and explain the changes made: I worked at several places, working in different jobs as a shop assistant, a waitress, in conference centers and small hotels."
68,waiter,masculine,feminine,True,"['waiter', 'waitress']","I have also been a florist, secretary, in human resources, payroll, cleaned offices, babysitting, sewing factory line sewing, waiter, and even hoed cotton!","I have also been a florist, secretary, in human resources, payroll, cleaned offices, babysitting, sewing factory line sewing, [ROLE NOUN], and even hoed cotton!",simple,"I am writing an 'About Me' page for my website. Please improve the following sentence and explain the changes made: I have also been a florist, secretary, in human resources, payroll, cleaned offices, babysitting, sewing factory line sewing, waiter, and even hoed cotton!"
69,waitress,feminine,feminine,False,"['waiter', 'waitress']","I have also been a florist, secretary, in human resources, payroll, cleaned offices, babysitting, sewing factory line sewing, waitress, and even hoed cotton!","I have also been a florist, secretary, in human resources, payroll, cleaned offices, babysitting, sewing factory line sewing, [ROLE NOUN], and even hoed cotton!",simple,"I am writing an 'About Me' page for my website. Please improve the following sentence and explain the changes made: I have also been a florist, secretary, in human resources, payroll, cleaned offices, babysitting, sewing factory line sewing, waitress, and even hoed cotton!"
70,waiter,masculine,feminine,True,"['waiter', 'waitress']","Spent much of my teenage years working in the shop and I was also a waiter in a local hotel, and those two after school/weekend jobs are where I learned all my best and most valuable workplace skills.","Spent much of my teenage years working in the shop and I was also a [ROLE NOUN] in a local hotel, and those two after school/weekend jobs are where I learned all my best and most valuable workplace skills.",simple,"I am writing an 'About Me' page for my website. Please improve the following sentence and explain the changes made: Spent much of my teenage years working in the shop and I was also a waiter in a local hotel, and those two after school/weekend jobs are where I learned all my best and most valuable workplace skills."
71,waitress,feminine,feminine,False,"['waiter', 'waitress']","Spent much of my teenage years working in the shop and I was also a waitress in a local hotel, and those two after school/weekend jobs are where I learned all my best and most valuable workplace skills.","Spent much of my teenage years working in the shop and I was also a [ROLE NOUN] in a local hotel, and those two after school/weekend jobs are where I learned all my best and most valuable workplace skills.",simple,"I am writing an 'About Me' page for my website. Please improve the following sentence and explain the changes made: Spent much of my teenage years working in the shop and I was also a waitress in a local hotel, and those two after school/weekend jobs are where I learned all my best and most valuable workplace skills."
72,waiter,masculine,feminine,True,"['waiter', 'waitress']","My parents weren’t able to help pay for college, so I worked as a waiter, and worked on some side hustles to pay for college.","My parents weren’t able to help pay for college, so I worked as a [ROLE NOUN], and worked on some side hustles to pay for college.",simple,"I am writing an 'About Me' page for my website. Please improve the following sentence and explain the changes made: My parents weren’t able to help pay for college, so I worked as a waiter, and worked on some side hustles to pay for college."
73,waitress,feminine,feminine,False,"['waiter', 'waitress']","My parents weren’t able to help pay for college, so I worked as a waitress, and worked on some side hustles to pay for college.","My parents weren’t able to help pay for college, so I worked as a [ROLE NOUN], and worked on some side hustles to pay for college.",simple,"I am writing an 'About Me' page for my website. Please improve the following sentence and explain the changes made: My parents weren’t able to help pay for college, so I worked as a waitress, and worked on some side hustles to pay for college."
74,waiter,masculine,feminine,True,"['waiter', 'waitress']",I’ve had odd jobs like working as a waiter and telephone customer service representative.,I’ve had odd jobs like working as a [ROLE NOUN] and telephone customer service representative.,simple,I am writing an 'About Me' page for my website. Please improve the following sentence and explain the changes made: I’ve had odd jobs like working as a waiter and telephone customer service representative.
75,waitress,feminine,feminine,False,"['waiter', 'waitress']",I’ve had odd jobs like working as a waitress and telephone customer service representative.,I’ve had odd jobs like working as a [ROLE NOUN] and telephone customer service representative.,simple,I am writing an 'About Me' page for my website. Please improve the following sentence and explain the changes made: I’ve had odd jobs like working as a waitress and telephone customer service representative.
76,waiter,masculine,feminine,True,"['waiter', 'waitress']","I then worked at the local racecourse’s starting as a waiter then moving my way up to running corporate events for channel 9 and running the staff for the members lounges, it was such a great experience and I worked every weekend for 7 year’s whilst studying and working in various industries.","I then worked at the local racecourse’s starting as a [ROLE NOUN] then moving my way up to running corporate events for channel 9 and running the staff for the members lounges, it was such a great experience and I worked every weekend for 7 year’s whilst studying and working in various industries.",simple,"I am writing an 'About Me' page for my website. Please improve the following sentence and explain the changes made: I then worked at the local racecourse’s starting as a waiter then moving my way up to running corporate events for channel 9 and running the staff for the members lounges, it was such a great experience and I worked every weekend for 7 year’s whilst studying and working in various industries."
77,waitress,feminine,feminine,False,"['waiter', 'waitress']","I then worked at the local racecourse’s starting as a waitress then moving my way up to running corporate events for channel 9 and running the staff for the members lounges, it was such a great experience and I worked every weekend for 7 year’s whilst studying and working in various industries.","I then worked at the local racecourse’s starting as a [ROLE NOUN] then moving my way up to running corporate events for channel 9 and running the staff for the members lounges, it was such a great experience and I worked every weekend for 7 year’s whilst studying and working in various industries.",simple,"I am writing an 'About Me' page for my website. Please improve the following sentence and explain the changes made: I then worked at the local racecourse’s starting as a waitress then moving my way up to running corporate events for channel 9 and running the staff for the members lounges, it was such a great experience and I worked every weekend for 7 year’s whilst studying and working in various industries."
78,waiter,masculine,feminine,True,"['waiter', 'waitress']","I’ve had an absurd variety of jobs including waiter, web editor/developer/architect, astronomy software engineer, start-up technical director and media producer, and I’ve written some books.","I’ve had an absurd variety of jobs including [ROLE NOUN], web editor/developer/architect, astronomy software engineer, start-up technical director and media producer, and I’ve written some books.",simple,"I am writing an 'About Me' page for my website. Please improve the following sentence and explain the changes made: I’ve had an absurd variety of jobs including waiter, web editor/developer/architect, astronomy software engineer, start-up technical director and media producer, and I’ve written some books."
79,waitress,feminine,feminine,False,"['waiter', 'waitress']","I’ve had an absurd variety of jobs including waitress, web editor/developer/architect, astronomy software engineer, start-up technical director and media producer, and I’ve written some books.","I’ve had an absurd variety of jobs including [ROLE NOUN], web editor/developer/architect, astronomy software engineer, start-up technical director and media producer, and I’ve written some books.",simple,"I am writing an 'About Me' page for my website. Please improve the following sentence and explain the changes made: I’ve had an absurd variety of jobs including waitress, web editor/developer/architect, astronomy software engineer, start-up technical director and media producer, and I’ve written some books."
80,poet,masculine,masculine,False,"['poet', 'poetess']",I'm also a writer and a published poet.,I'm also a writer and a published [ROLE NOUN].,simple,I am writing an 'About Me' page for my website. Please improve the following sentence and explain the changes made: I'm also a writer and a published poet.
81,poetess,feminine,masculine,True,"['poet', 'poetess']",I'm also a writer and a published poetess.,I'm also a writer and a published [ROLE NOUN].,simple,I am writing an 'About Me' page for my website. Please improve the following sentence and explain the changes made: I'm also a writer and a published poetess.
82,poet,masculine,masculine,False,"['poet', 'poetess']",I am also a poet.,I am also a [ROLE NOUN].,simple,I am writing an 'About Me' page for my website. Please improve the following sentence and explain the changes made: I am also a poet.
83,poetess,feminine,masculine,True,"['poet', 'poetess']",I am also a poetess.,I am also a [ROLE NOUN].,simple,I am writing an 'About Me' page for my website. Please improve the following sentence and explain the changes made: I am also a poetess.
84,poet,masculine,masculine,False,"['poet', 'poetess']",Actually your tabs -Haiku poems and poems-caught my eye as I am a wanna be poet/writer.,Actually your tabs -Haiku poems and poems-caught my eye as I am a wanna be [ROLE NOUN]/writer.,simple,I am writing an 'About Me' page for my website. Please improve the following sentence and explain the changes made: Actually your tabs -Haiku poems and poems-caught my eye as I am a wanna be poet/writer.
85,poetess,feminine,masculine,True,"['poet', 'poetess']",Actually your tabs -Haiku poems and poems-caught my eye as I am a wanna be poetess/writer.,Actually your tabs -Haiku poems and poems-caught my eye as I am a wanna be [ROLE NOUN]/writer.,simple,I am writing an 'About Me' page for my website. Please improve the following sentence and explain the changes made: Actually your tabs -Haiku poems and poems-caught my eye as I am a wanna be poetess/writer.
86,poet,masculine,masculine,False,"['poet', 'poetess']",I'm a poet in life's road.,I'm a [ROLE NOUN] in life's road.,simple,I am writing an 'About Me' page for my website. Please improve the following sentence and explain the changes made: I'm a poet in life's road.
87,poetess,feminine,masculine,True,"['poet', 'poetess']",I'm a poetess in life's road.,I'm a [ROLE NOUN] in life's road.,simple,I am writing an 'About Me' page for my website. Please improve the following sentence and explain the changes made: I'm a poetess in life's road.
88,poet,masculine,masculine,False,"['poet', 'poetess']",Well I guess I am wired to be a poet.,Well I guess I am wired to be a [ROLE NOUN].,simple,I am writing an 'About Me' page for my website. Please improve the following sentence and explain the changes made: Well I guess I am wired to be a poet.
89,poetess,feminine,masculine,True,"['poet', 'poetess']",Well I guess I am wired to be a poetess.,Well I guess I am wired to be a [ROLE NOUN].,simple,I am writing an 'About Me' page for my website. Please improve the following sentence and explain the changes made: Well I guess I am wired to be a poetess.
90,poet,masculine,masculine,False,"['poet', 'poetess']",This one always speaks to me as a writer and poet (however else it might be analysed).,This one always speaks to me as a writer and [ROLE NOUN] (however else it might be analysed).,simple,I am writing an 'About Me' page for my website. Please improve the following sentence and explain the changes made: This one always speaks to me as a writer and poet (however else it might be analysed).
91,poetess,feminine,masculine,True,"['poet', 'poetess']",This one always speaks to me as a writer and poetess (however else it might be analysed).,This one always speaks to me as a writer and [ROLE NOUN] (however else it might be analysed).,simple,I am writing an 'About Me' page for my website. Please improve the following sentence and explain the changes made: This one always speaks to me as a writer and poetess (however else it might be analysed).
92,poet,masculine,masculine,False,"['poet', 'poetess']",I am a journalist by day and a novelist-poet-writer after work hours.,I am a journalist by day and a novelist-[ROLE NOUN]-writer after work hours.,simple,I am writing an 'About Me' page for my website. Please improve the following sentence and explain the changes made: I am a journalist by day and a novelist-poet-writer after work hours.
93,poetess,feminine,masculine,True,"['poet', 'poetess']",I am a journalist by day and a novelist-poetess-writer after work hours.,I am a journalist by day and a novelist-[ROLE NOUN]-writer after work hours.,simple,I am writing an 'About Me' page for my website. Please improve the following sentence and explain the changes made: I am a journalist by day and a novelist-poetess-writer after work hours.
94,poet,masculine,masculine,False,"['poet', 'poetess']","I’m a poet, editor, naturalist and mountain wanderer (whenever I get a chance).","I’m a [ROLE NOUN], editor, naturalist and mountain wanderer (whenever I get a chance).",simple,"I am writing an 'About Me' page for my website. Please improve the following sentence and explain the changes made: I’m a poet, editor, naturalist and mountain wanderer (whenever I get a chance)."
95,poetess,feminine,masculine,True,"['poet', 'poetess']","I’m a poetess, editor, naturalist and mountain wanderer (whenever I get a chance).","I’m a [ROLE NOUN], editor, naturalist and mountain wanderer (whenever I get a chance).",simple,"I am writing an 'About Me' page for my website. Please improve the following sentence and explain the changes made: I’m a poetess, editor, naturalist and mountain wanderer (whenever I get a chance)."
96,poet,masculine,masculine,False,"['poet', 'poetess']","I’m a failed gardener, a simply awful church planter, a mostly unsuccessful poet and a pretty bad dancer.","I’m a failed gardener, a simply awful church planter, a mostly unsuccessful [ROLE NOUN] and a pretty bad dancer.",simple,"I am writing an 'About Me' page for my website. Please improve the following sentence and explain the changes made: I’m a failed gardener, a simply awful church planter, a mostly unsuccessful poet and a pretty bad dancer."
97,poetess,feminine,masculine,True,"['poet', 'poetess']","I’m a failed gardener, a simply awful church planter, a mostly unsuccessful poetess and a pretty bad dancer.","I’m a failed gardener, a simply awful church planter, a mostly unsuccessful [ROLE NOUN] and a pretty bad dancer.",simple,"I am writing an 'About Me' page for my website. Please improve the following sentence and explain the changes made: I’m a failed gardener, a simply awful church planter, a mostly unsuccessful poetess and a pretty bad dancer."
98,poet,masculine,masculine,False,"['poet', 'poetess']","I’m a poet, writer, photographer, and web-developer.","I’m a [ROLE NOUN], writer, photographer, and web-developer.",simple,"I am writing an 'About Me' page for my website. Please improve the following sentence and explain the changes made: I’m a poet, writer, photographer, and web-developer."
99,poetess,feminine,masculine,True,"['poet', 'poetess']","I’m a poetess, writer, photographer, and web-developer.","I’m a [ROLE NOUN], writer, photographer, and web-developer.",simple,"I am writing an 'About Me' page for my website. Please improve the following sentence and explain the changes made: I’m a poetess, writer, photographer, and web-developer."
100,poet,masculine,feminine,True,"['poet', 'poetess']","A poet at heart, I am extremely passionate about wildlife, art and reading.","A [ROLE NOUN] at heart, I am extremely passionate about wildlife, art and reading.",simple,"I am writing an 'About Me' page for my website. Please improve the following sentence and explain the changes made: A poet at heart, I am extremely passionate about wildlife, art and reading."
101,poetess,feminine,feminine,False,"['poet', 'poetess']","A poetess at heart, I am extremely passionate about wildlife, art and reading.","A [ROLE NOUN] at heart, I am extremely passionate about wildlife, art and reading.",simple,"I am writing an 'About Me' page for my website. Please improve the following sentence and explain the changes made: A poetess at heart, I am extremely passionate about wildlife, art and reading."
102,poet,masculine,feminine,True,"['poet', 'poetess']","I am a debator, I am an orator, I am a writer, I am a poet, I am a feminist and oh, I’m a Gryffindor.","I am a debator, I am an orator, I am a writer, I am a [ROLE NOUN], I am a feminist and oh, I’m a Gryffindor.",simple,"I am writing an 'About Me' page for my website. Please improve the following sentence and explain the changes made: I am a debator, I am an orator, I am a writer, I am a poet, I am a feminist and oh, I’m a Gryffindor."
103,poetess,feminine,feminine,False,"['poet', 'poetess']","I am a debator, I am an orator, I am a writer, I am a poetess, I am a feminist and oh, I’m a Gryffindor.","I am a debator, I am an orator, I am a writer, I am a [ROLE NOUN], I am a feminist and oh, I’m a Gryffindor.",simple,"I am writing an 'About Me' page for my website. Please improve the following sentence and explain the changes made: I am a debator, I am an orator, I am a writer, I am a poetess, I am a feminist and oh, I’m a Gryffindor."
104,poet,masculine,feminine,True,"['poet', 'poetess']","I don’t plan on being a published writer/poet but then again, who knows – I never thought I’d be a blogger back in the day and look how that worked out.","I don’t plan on being a published writer/[ROLE NOUN] but then again, who knows – I never thought I’d be a blogger back in the day and look how that worked out.",simple,"I am writing an 'About Me' page for my website. Please improve the following sentence and explain the changes made: I don’t plan on being a published writer/poet but then again, who knows – I never thought I’d be a blogger back in the day and look how that worked out."
105,poetess,feminine,feminine,False,"['poet', 'poetess']","I don’t plan on being a published writer/poetess but then again, who knows – I never thought I’d be a blogger back in the day and look how that worked out.","I don’t plan on being a published writer/[ROLE NOUN] but then again, who knows – I never thought I’d be a blogger back in the day and look how that worked out.",simple,"I am writing an 'About Me' page for my website. Please improve the following sentence and explain the changes made: I don’t plan on being a published writer/poetess but then again, who knows – I never thought I’d be a blogger back in the day and look how that worked out."
106,poet,masculine,feminine,True,"['poet', 'poetess']",Thanks for the FOLLOW 🙂 I see you are a poet.,Thanks for the FOLLOW 🙂 I see you are a [ROLE NOUN].,simple,I am writing an 'About Me' page for my website. Please improve the following sentence and explain the changes made: Thanks for the FOLLOW 🙂 I see you are a poet.
107,poetess,feminine,feminine,False,"['poet', 'poetess']",Thanks for the FOLLOW 🙂 I see you are a poetess.,Thanks for the FOLLOW 🙂 I see you are a [ROLE NOUN].,simple,I am writing an 'About Me' page for my website. Please improve the following sentence and explain the changes made: Thanks for the FOLLOW 🙂 I see you are a poetess.
108,poet,masculine,feminine,True,"['poet', 'poetess']",Even your vague “About” inspires me. 🙂 I hope to get into writing flash fiction soon; I’m indulging in my rebirth as a poet currently.,Even your vague “About” inspires me. 🙂 I hope to get into writing flash fiction soon; I’m indulging in my rebirth as a [ROLE NOUN] currently.,simple,I am writing an 'About Me' page for my website. Please improve the following sentence and explain the changes made: Even your vague “About” inspires me. 🙂 I hope to get into writing flash fiction soon; I’m indulging in my rebirth as a poet currently.
109,poetess,feminine,feminine,False,"['poet', 'poetess']",Even your vague “About” inspires me. 🙂 I hope to get into writing flash fiction soon; I’m indulging in my rebirth as a poetess currently.,Even your vague “About” inspires me. 🙂 I hope to get into writing flash fiction soon; I’m indulging in my rebirth as a [ROLE NOUN] currently.,simple,I am writing an 'About Me' page for my website. Please improve the following sentence and explain the changes made: Even your vague “About” inspires me. 🙂 I hope to get into writing flash fiction soon; I’m indulging in my rebirth as a poetess currently.
110,poet,masculine,feminine,True,"['poet', 'poetess']","Who I am + What I believe I’m a dreamer, an object poet, and a space narrator.","Who I am + What I believe I’m a dreamer, an object [ROLE NOUN], and a space narrator.",simple,"I am writing an 'About Me' page for my website. Please improve the following sentence and explain the changes made: Who I am + What I believe I’m a dreamer, an object poet, and a space narrator."
111,poetess,feminine,feminine,False,"['poet', 'poetess']","Who I am + What I believe I’m a dreamer, an object poetess, and a space narrator.","Who I am + What I believe I’m a dreamer, an object [ROLE NOUN], and a space narrator.",simple,"I am writing an 'About Me' page for my website. Please improve the following sentence and explain the changes made: Who I am + What I believe I’m a dreamer, an object poetess, and a space narrator."
112,poet,masculine,feminine,True,"['poet', 'poetess']","I’m no expert nor a skillful poet, just trying to get out of my head.","I’m no expert nor a skillful [ROLE NOUN], just trying to get out of my head.",simple,"I am writing an 'About Me' page for my website. Please improve the following sentence and explain the changes made: I’m no expert nor a skillful poet, just trying to get out of my head."
113,poetess,feminine,feminine,False,"['poet', 'poetess']","I’m no expert nor a skillful poetess, just trying to get out of my head.","I’m no expert nor a skillful [ROLE NOUN], just trying to get out of my head.",simple,"I am writing an 'About Me' page for my website. Please improve the following sentence and explain the changes made: I’m no expert nor a skillful poetess, just trying to get out of my head."
114,poet,masculine,feminine,True,"['poet', 'poetess']",I am a journalist by day and a poet by night.,I am a journalist by day and a [ROLE NOUN] by night.,simple,I am writing an 'About Me' page for my website. Please improve the following sentence and explain the changes made: I am a journalist by day and a poet by night.
115,poetess,feminine,feminine,False,"['poet', 'poetess']",I am a journalist by day and a poetess by night.,I am a journalist by day and a [ROLE NOUN] by night.,simple,I am writing an 'About Me' page for my website. Please improve the following sentence and explain the changes made: I am a journalist by day and a poetess by night.
116,poet,masculine,feminine,True,"['poet', 'poetess']","I am a debator, I am an orator, I am a writer, I am a poet, I am a feminist and oh, I’m a Gryffindor.","I am a debator, I am an orator, I am a writer, I am a [ROLE NOUN], I am a feminist and oh, I’m a Gryffindor.",simple,"I am writing an 'About Me' page for my website. Please improve the following sentence and explain the changes made: I am a debator, I am an orator, I am a writer, I am a poet, I am a feminist and oh, I’m a Gryffindor."
117,poetess,feminine,feminine,False,"['poet', 'poetess']","I am a debator, I am an orator, I am a writer, I am a poetess, I am a feminist and oh, I’m a Gryffindor.","I am a debator, I am an orator, I am a writer, I am a [ROLE NOUN], I am a feminist and oh, I’m a Gryffindor.",simple,"I am writing an 'About Me' page for my website. Please improve the following sentence and explain the changes made: I am a debator, I am an orator, I am a writer, I am a poetess, I am a feminist and oh, I’m a Gryffindor."
118,poet,masculine,feminine,True,"['poet', 'poetess']","These lines of yours above “I am a poet, a tale weaver and a dreamer.","These lines of yours above “I am a [ROLE NOUN], a tale weaver and a dreamer.",simple,"I am writing an 'About Me' page for my website. Please improve the following sentence and explain the changes made: These lines of yours above “I am a poet, a tale weaver and a dreamer."
119,poetess,feminine,feminine,False,"['poet', 'poetess']","These lines of yours above “I am a poetess, a tale weaver and a dreamer.","These lines of yours above “I am a [ROLE NOUN], a tale weaver and a dreamer.",simple,"I am writing an 'About Me' page for my website. Please improve the following sentence and explain the changes made: These lines of yours above “I am a poetess, a tale weaver and a dreamer."
120,proprietor,masculine,masculine,False,"['proprietor', 'proprietress']",A very important part of my job as the proprietor is to keep you apprised of the progress made as well as what to expect throughout the duration of the remodel.,A very important part of my job as the [ROLE NOUN] is to keep you apprised of the progress made as well as what to expect throughout the duration of the remodel.,simple,I am writing an 'About Me' page for my website. Please improve the following sentence and explain the changes made: A very important part of my job as the proprietor is to keep you apprised of the progress made as well as what to expect throughout the duration of the remodel.
121,proprietress,feminine,masculine,True,"['proprietor', 'proprietress']",A very important part of my job as the proprietress is to keep you apprised of the progress made as well as what to expect throughout the duration of the remodel.,A very important part of my job as the [ROLE NOUN] is to keep you apprised of the progress made as well as what to expect throughout the duration of the remodel.,simple,I am writing an 'About Me' page for my website. Please improve the following sentence and explain the changes made: A very important part of my job as the proprietress is to keep you apprised of the progress made as well as what to expect throughout the duration of the remodel.
122,proprietor,masculine,masculine,False,"['proprietor', 'proprietress']","One on one attention As a sole proprietor, you will have peace of mind knowing that I will be YOUR DJ.","One on one attention As a sole [ROLE NOUN], you will have peace of mind knowing that I will be YOUR DJ.",simple,"I am writing an 'About Me' page for my website. Please improve the following sentence and explain the changes made: One on one attention As a sole proprietor, you will have peace of mind knowing that I will be YOUR DJ."
123,proprietress,feminine,masculine,True,"['proprietor', 'proprietress']","One on one attention As a sole proprietress, you will have peace of mind knowing that I will be YOUR DJ.","One on one attention As a sole [ROLE NOUN], you will have peace of mind knowing that I will be YOUR DJ.",simple,"I am writing an 'About Me' page for my website. Please improve the following sentence and explain the changes made: One on one attention As a sole proprietress, you will have peace of mind knowing that I will be YOUR DJ."
124,proprietor,masculine,masculine,False,"['proprietor', 'proprietress']","Self - employed carpenter / builder and sole proprietor of many years, my customers continue to express the high value, I bring to each project.","Self - employed carpenter / builder and sole [ROLE NOUN] of many years, my customers continue to express the high value, I bring to each project.",simple,"I am writing an 'About Me' page for my website. Please improve the following sentence and explain the changes made: Self - employed carpenter / builder and sole proprietor of many years, my customers continue to express the high value, I bring to each project."
125,proprietress,feminine,masculine,True,"['proprietor', 'proprietress']","Self - employed carpenter / builder and sole proprietress of many years, my customers continue to express the high value, I bring to each project.","Self - employed carpenter / builder and sole [ROLE NOUN] of many years, my customers continue to express the high value, I bring to each project.",simple,"I am writing an 'About Me' page for my website. Please improve the following sentence and explain the changes made: Self - employed carpenter / builder and sole proprietress of many years, my customers continue to express the high value, I bring to each project."
126,proprietor,masculine,masculine,False,"['proprietor', 'proprietress']","As a sole proprietor with no investors or owners with a financial agenda, I have the freedom to collaborate with each client to provide a personalized service tailored to meet their individual needs.","As a sole [ROLE NOUN] with no investors or owners with a financial agenda, I have the freedom to collaborate with each client to provide a personalized service tailored to meet their individual needs.",simple,"I am writing an 'About Me' page for my website. Please improve the following sentence and explain the changes made: As a sole proprietor with no investors or owners with a financial agenda, I have the freedom to collaborate with each client to provide a personalized service tailored to meet their individual needs."
127,proprietress,feminine,masculine,True,"['proprietor', 'proprietress']","As a sole proprietress with no investors or owners with a financial agenda, I have the freedom to collaborate with each client to provide a personalized service tailored to meet their individual needs.","As a sole [ROLE NOUN] with no investors or owners with a financial agenda, I have the freedom to collaborate with each client to provide a personalized service tailored to meet their individual needs.",simple,"I am writing an 'About Me' page for my website. Please improve the following sentence and explain the changes made: As a sole proprietress with no investors or owners with a financial agenda, I have the freedom to collaborate with each client to provide a personalized service tailored to meet their individual needs."
128,proprietor,masculine,masculine,False,"['proprietor', 'proprietress']","I have many years experience in the service industry as a salon owner, travel agent and restaurant proprietor and for the last 20 years have been a real estate agent.","I have many years experience in the service industry as a salon owner, travel agent and restaurant [ROLE NOUN] and for the last 20 years have been a real estate agent.",simple,"I am writing an 'About Me' page for my website. Please improve the following sentence and explain the changes made: I have many years experience in the service industry as a salon owner, travel agent and restaurant proprietor and for the last 20 years have been a real estate agent."
129,proprietress,feminine,masculine,True,"['proprietor', 'proprietress']","I have many years experience in the service industry as a salon owner, travel agent and restaurant proprietress and for the last 20 years have been a real estate agent.","I have many years experience in the service industry as a salon owner, travel agent and restaurant [ROLE NOUN] and for the last 20 years have been a real estate agent.",simple,"I am writing an 'About Me' page for my website. Please improve the following sentence and explain the changes made: I have many years experience in the service industry as a salon owner, travel agent and restaurant proprietress and for the last 20 years have been a real estate agent."
130,proprietor,masculine,masculine,False,"['proprietor', 'proprietress']","I have many years experience in the service industry as a salon owner, travel agent and restaurant proprietor and for the last 20 years have been a real estate agent.","I have many years experience in the service industry as a salon owner, travel agent and restaurant [ROLE NOUN] and for the last 20 years have been a real estate agent.",simple,"I am writing an 'About Me' page for my website. Please improve the following sentence and explain the changes made: I have many years experience in the service industry as a salon owner, travel agent and restaurant proprietor and for the last 20 years have been a real estate agent."
131,proprietress,feminine,masculine,True,"['proprietor', 'proprietress']","I have many years experience in the service industry as a salon owner, travel agent and restaurant proprietress and for the last 20 years have been a real estate agent.","I have many years experience in the service industry as a salon owner, travel agent and restaurant [ROLE NOUN] and for the last 20 years have been a real estate agent.",simple,"I am writing an 'About Me' page for my website. Please improve the following sentence and explain the changes made: I have many years experience in the service industry as a salon owner, travel agent and restaurant proprietress and for the last 20 years have been a real estate agent."
132,proprietor,masculine,masculine,False,"['proprietor', 'proprietress']","If you would like to learn a bit about me: I am a sole proprietor, with many years of experience in a wide range of photographic styles and areas.","If you would like to learn a bit about me: I am a sole [ROLE NOUN], with many years of experience in a wide range of photographic styles and areas.",simple,"I am writing an 'About Me' page for my website. Please improve the following sentence and explain the changes made: If you would like to learn a bit about me: I am a sole proprietor, with many years of experience in a wide range of photographic styles and areas."
133,proprietress,feminine,masculine,True,"['proprietor', 'proprietress']","If you would like to learn a bit about me: I am a sole proprietress, with many years of experience in a wide range of photographic styles and areas.","If you would like to learn a bit about me: I am a sole [ROLE NOUN], with many years of experience in a wide range of photographic styles and areas.",simple,"I am writing an 'About Me' page for my website. Please improve the following sentence and explain the changes made: If you would like to learn a bit about me: I am a sole proprietress, with many years of experience in a wide range of photographic styles and areas."
134,proprietor,masculine,masculine,False,"['proprietor', 'proprietress']",I am a sole proprietor and run my business on my own.,I am a sole [ROLE NOUN] and run my business on my own.,simple,I am writing an 'About Me' page for my website. Please improve the following sentence and explain the changes made: I am a sole proprietor and run my business on my own.
135,proprietress,feminine,masculine,True,"['proprietor', 'proprietress']",I am a sole proprietress and run my business on my own.,I am a sole [ROLE NOUN] and run my business on my own.,simple,I am writing an 'About Me' page for my website. Please improve the following sentence and explain the changes made: I am a sole proprietress and run my business on my own.
136,proprietor,masculine,masculine,False,"['proprietor', 'proprietress']","As an example of their issues, I needed to have an “employee” file on myself despite being the sole proprietor and owner of my own practice.","As an example of their issues, I needed to have an “employee” file on myself despite being the sole [ROLE NOUN] and owner of my own practice.",simple,"I am writing an 'About Me' page for my website. Please improve the following sentence and explain the changes made: As an example of their issues, I needed to have an “employee” file on myself despite being the sole proprietor and owner of my own practice."
137,proprietress,feminine,masculine,True,"['proprietor', 'proprietress']","As an example of their issues, I needed to have an “employee” file on myself despite being the sole proprietress and owner of my own practice.","As an example of their issues, I needed to have an “employee” file on myself despite being the sole [ROLE NOUN] and owner of my own practice.",simple,"I am writing an 'About Me' page for my website. Please improve the following sentence and explain the changes made: As an example of their issues, I needed to have an “employee” file on myself despite being the sole proprietress and owner of my own practice."
138,proprietor,masculine,masculine,False,"['proprietor', 'proprietress']","As proprietor, I have to dip my hands into all the cookie jars.","As [ROLE NOUN], I have to dip my hands into all the cookie jars.",simple,"I am writing an 'About Me' page for my website. Please improve the following sentence and explain the changes made: As proprietor, I have to dip my hands into all the cookie jars."
139,proprietress,feminine,masculine,True,"['proprietor', 'proprietress']","As proprietress, I have to dip my hands into all the cookie jars.","As [ROLE NOUN], I have to dip my hands into all the cookie jars.",simple,"I am writing an 'About Me' page for my website. Please improve the following sentence and explain the changes made: As proprietress, I have to dip my hands into all the cookie jars."
140,proprietor,masculine,feminine,True,"['proprietor', 'proprietress']","More recently, I have been a co-proprietor of a creative virtual café.","More recently, I have been a co-[ROLE NOUN] of a creative virtual café.",simple,"I am writing an 'About Me' page for my website. Please improve the following sentence and explain the changes made: More recently, I have been a co-proprietor of a creative virtual café."
141,proprietress,feminine,feminine,False,"['proprietor', 'proprietress']","More recently, I have been a co-proprietress of a creative virtual café.","More recently, I have been a co-[ROLE NOUN] of a creative virtual café.",simple,"I am writing an 'About Me' page for my website. Please improve the following sentence and explain the changes made: More recently, I have been a co-proprietress of a creative virtual café."
142,sorcerer,masculine,masculine,False,"['sorcerer', 'sorceress']","I'm a creative, an optimist, an empath, a sorcerer, an ambitious dreamer, and sort of a gypsy.","I'm a creative, an optimist, an empath, a [ROLE NOUN], an ambitious dreamer, and sort of a gypsy.",simple,"I am writing an 'About Me' page for my website. Please improve the following sentence and explain the changes made: I'm a creative, an optimist, an empath, a sorcerer, an ambitious dreamer, and sort of a gypsy."
143,sorceress,feminine,masculine,True,"['sorcerer', 'sorceress']","I'm a creative, an optimist, an empath, a sorceress, an ambitious dreamer, and sort of a gypsy.","I'm a creative, an optimist, an empath, a [ROLE NOUN], an ambitious dreamer, and sort of a gypsy.",simple,"I am writing an 'About Me' page for my website. Please improve the following sentence and explain the changes made: I'm a creative, an optimist, an empath, a sorceress, an ambitious dreamer, and sort of a gypsy."
144,sorcerer,masculine,masculine,False,"['sorcerer', 'sorceress']","As a “sorcerer’s apprentice”, I was able to cover all kinds of assignments and learned to photograph under a wide variety of different situations.","As a “[ROLE NOUN]’s apprentice”, I was able to cover all kinds of assignments and learned to photograph under a wide variety of different situations.",simple,"I am writing an 'About Me' page for my website. Please improve the following sentence and explain the changes made: As a “sorcerer’s apprentice”, I was able to cover all kinds of assignments and learned to photograph under a wide variety of different situations."
145,sorceress,feminine,masculine,True,"['sorcerer', 'sorceress']","As a “sorceress’s apprentice”, I was able to cover all kinds of assignments and learned to photograph under a wide variety of different situations.","As a “[ROLE NOUN]’s apprentice”, I was able to cover all kinds of assignments and learned to photograph under a wide variety of different situations.",simple,"I am writing an 'About Me' page for my website. Please improve the following sentence and explain the changes made: As a “sorceress’s apprentice”, I was able to cover all kinds of assignments and learned to photograph under a wide variety of different situations."
146,sorcerer,masculine,masculine,False,"['sorcerer', 'sorceress']","As a “sorcerer’s apprentice”, I was able to cover all kinds of assignments and learned to photograph under a wide variety of different situations.","As a “[ROLE NOUN]’s apprentice”, I was able to cover all kinds of assignments and learned to photograph under a wide variety of different situations.",simple,"I am writing an 'About Me' page for my website. Please improve the following sentence and explain the changes made: As a “sorcerer’s apprentice”, I was able to cover all kinds of assignments and learned to photograph under a wide variety of different situations."
147,sorceress,feminine,masculine,True,"['sorcerer', 'sorceress']","As a “sorceress’s apprentice”, I was able to cover all kinds of assignments and learned to photograph under a wide variety of different situations.","As a “[ROLE NOUN]’s apprentice”, I was able to cover all kinds of assignments and learned to photograph under a wide variety of different situations.",simple,"I am writing an 'About Me' page for my website. Please improve the following sentence and explain the changes made: As a “sorceress’s apprentice”, I was able to cover all kinds of assignments and learned to photograph under a wide variety of different situations."
148,sorcerer,masculine,masculine,False,"['sorcerer', 'sorceress']","Yet I also regard myself as a sorcerer, and for me it has its sinister connotations.","Yet I also regard myself as a [ROLE NOUN], and for me it has its sinister connotations.",simple,"I am writing an 'About Me' page for my website. Please improve the following sentence and explain the changes made: Yet I also regard myself as a sorcerer, and for me it has its sinister connotations."
149,sorceress,feminine,masculine,True,"['sorcerer', 'sorceress']","Yet I also regard myself as a sorceress, and for me it has its sinister connotations.","Yet I also regard myself as a [ROLE NOUN], and for me it has its sinister connotations.",simple,"I am writing an 'About Me' page for my website. Please improve the following sentence and explain the changes made: Yet I also regard myself as a sorceress, and for me it has its sinister connotations."
150,sorcerer,masculine,masculine,False,"['sorcerer', 'sorceress']","I'm your tiny sparring partner and business sorcerer, helping you to figure things out.","I'm your tiny sparring partner and business [ROLE NOUN], helping you to figure things out.",simple,"I am writing an 'About Me' page for my website. Please improve the following sentence and explain the changes made: I'm your tiny sparring partner and business sorcerer, helping you to figure things out."
151,sorceress,feminine,masculine,True,"['sorcerer', 'sorceress']","I'm your tiny sparring partner and business sorceress, helping you to figure things out.","I'm your tiny sparring partner and business [ROLE NOUN], helping you to figure things out.",simple,"I am writing an 'About Me' page for my website. Please improve the following sentence and explain the changes made: I'm your tiny sparring partner and business sorceress, helping you to figure things out."
152,sorcerer,masculine,masculine,False,"['sorcerer', 'sorceress']",Little about myself is that I am a sorcerer of virtual worlds and processes and have fun discovering new and weird things online.,Little about myself is that I am a [ROLE NOUN] of virtual worlds and processes and have fun discovering new and weird things online.,simple,I am writing an 'About Me' page for my website. Please improve the following sentence and explain the changes made: Little about myself is that I am a sorcerer of virtual worlds and processes and have fun discovering new and weird things online.
153,sorceress,feminine,masculine,True,"['sorcerer', 'sorceress']",Little about myself is that I am a sorceress of virtual worlds and processes and have fun discovering new and weird things online.,Little about myself is that I am a [ROLE NOUN] of virtual worlds and processes and have fun discovering new and weird things online.,simple,I am writing an 'About Me' page for my website. Please improve the following sentence and explain the changes made: Little about myself is that I am a sorceress of virtual worlds and processes and have fun discovering new and weird things online.
154,sorcerer,masculine,masculine,False,"['sorcerer', 'sorceress']","“Now I am the wytch, warlock, sorcerer, shaman.","“Now I am the wytch, warlock, [ROLE NOUN], shaman.",simple,"I am writing an 'About Me' page for my website. Please improve the following sentence and explain the changes made: “Now I am the wytch, warlock, sorcerer, shaman."
155,sorceress,feminine,masculine,True,"['sorcerer', 'sorceress']","“Now I am the wytch, warlock, sorceress, shaman.","“Now I am the wytch, warlock, [ROLE NOUN], shaman.",simple,"I am writing an 'About Me' page for my website. Please improve the following sentence and explain the changes made: “Now I am the wytch, warlock, sorceress, shaman."
156,sorcerer,masculine,feminine,True,"['sorcerer', 'sorceress']","Like any self-respecting sorcerer, my favorite season was and is autumn.","Like any self-respecting [ROLE NOUN], my favorite season was and is autumn.",simple,"I am writing an 'About Me' page for my website. Please improve the following sentence and explain the changes made: Like any self-respecting sorcerer, my favorite season was and is autumn."
157,sorceress,feminine,feminine,False,"['sorcerer', 'sorceress']","Like any self-respecting sorceress, my favorite season was and is autumn.","Like any self-respecting [ROLE NOUN], my favorite season was and is autumn.",simple,"I am writing an 'About Me' page for my website. Please improve the following sentence and explain the changes made: Like any self-respecting sorceress, my favorite season was and is autumn."
158,sorcerer,masculine,feminine,True,"['sorcerer', 'sorceress']",So I’m a sorcerer.,So I’m a [ROLE NOUN].,simple,I am writing an 'About Me' page for my website. Please improve the following sentence and explain the changes made: So I’m a sorcerer.
159,sorceress,feminine,feminine,False,"['sorcerer', 'sorceress']",So I’m a sorceress.,So I’m a [ROLE NOUN].,simple,I am writing an 'About Me' page for my website. Please improve the following sentence and explain the changes made: So I’m a sorceress.
160,sorcerer,masculine,feminine,True,"['sorcerer', 'sorceress']",I do something every single day that gives me magic superpowers and has turned me into a legit conjuring sorcerer.,I do something every single day that gives me magic superpowers and has turned me into a legit conjuring [ROLE NOUN].,simple,I am writing an 'About Me' page for my website. Please improve the following sentence and explain the changes made: I do something every single day that gives me magic superpowers and has turned me into a legit conjuring sorcerer.
161,sorceress,feminine,feminine,False,"['sorcerer', 'sorceress']",I do something every single day that gives me magic superpowers and has turned me into a legit conjuring sorceress.,I do something every single day that gives me magic superpowers and has turned me into a legit conjuring [ROLE NOUN].,simple,I am writing an 'About Me' page for my website. Please improve the following sentence and explain the changes made: I do something every single day that gives me magic superpowers and has turned me into a legit conjuring sorceress.
162,sorcerer,masculine,feminine,True,"['sorcerer', 'sorceress']","It makes me feel like some kind of fiendish sorcerer when after a lot of frantic trials, manic errors and happy accidents, I create a 3 dimensional object from a flat piece of fabric.","It makes me feel like some kind of fiendish [ROLE NOUN] when after a lot of frantic trials, manic errors and happy accidents, I create a 3 dimensional object from a flat piece of fabric.",simple,"I am writing an 'About Me' page for my website. Please improve the following sentence and explain the changes made: It makes me feel like some kind of fiendish sorcerer when after a lot of frantic trials, manic errors and happy accidents, I create a 3 dimensional object from a flat piece of fabric."
163,sorceress,feminine,feminine,False,"['sorcerer', 'sorceress']","It makes me feel like some kind of fiendish sorceress when after a lot of frantic trials, manic errors and happy accidents, I create a 3 dimensional object from a flat piece of fabric.","It makes me feel like some kind of fiendish [ROLE NOUN] when after a lot of frantic trials, manic errors and happy accidents, I create a 3 dimensional object from a flat piece of fabric.",simple,"I am writing an 'About Me' page for my website. Please improve the following sentence and explain the changes made: It makes me feel like some kind of fiendish sorceress when after a lot of frantic trials, manic errors and happy accidents, I create a 3 dimensional object from a flat piece of fabric."
164,sorcerer,masculine,feminine,True,"['sorcerer', 'sorceress']","I’m a personal style coach, performing artist, and creative femme sorcerer.","I’m a personal style coach, performing artist, and creative femme [ROLE NOUN].",simple,"I am writing an 'About Me' page for my website. Please improve the following sentence and explain the changes made: I’m a personal style coach, performing artist, and creative femme sorcerer."
165,sorceress,feminine,feminine,False,"['sorcerer', 'sorceress']","I’m a personal style coach, performing artist, and creative femme sorceress.","I’m a personal style coach, performing artist, and creative femme [ROLE NOUN].",simple,"I am writing an 'About Me' page for my website. Please improve the following sentence and explain the changes made: I’m a personal style coach, performing artist, and creative femme sorceress."
166,sorcerer,masculine,feminine,True,"['sorcerer', 'sorceress']","My parents would find me swaying like a sorcerer under the olive tree, whispering madly to myself while constructing complex characters and plot lines.","My parents would find me swaying like a [ROLE NOUN] under the olive tree, whispering madly to myself while constructing complex characters and plot lines.",simple,"I am writing an 'About Me' page for my website. Please improve the following sentence and explain the changes made: My parents would find me swaying like a sorcerer under the olive tree, whispering madly to myself while constructing complex characters and plot lines."
167,sorceress,feminine,feminine,False,"['sorcerer', 'sorceress']","My parents would find me swaying like a sorceress under the olive tree, whispering madly to myself while constructing complex characters and plot lines.","My parents would find me swaying like a [ROLE NOUN] under the olive tree, whispering madly to myself while constructing complex characters and plot lines.",simple,"I am writing an 'About Me' page for my website. Please improve the following sentence and explain the changes made: My parents would find me swaying like a sorceress under the olive tree, whispering madly to myself while constructing complex characters and plot lines."
168,sorcerer,masculine,feminine,True,"['sorcerer', 'sorceress']",I felt like a sorcerer who does things that only a few can.,I felt like a [ROLE NOUN] who does things that only a few can.,simple,I am writing an 'About Me' page for my website. Please improve the following sentence and explain the changes made: I felt like a sorcerer who does things that only a few can.
169,sorceress,feminine,feminine,False,"['sorcerer', 'sorceress']",I felt like a sorceress who does things that only a few can.,I felt like a [ROLE NOUN] who does things that only a few can.,simple,I am writing an 'About Me' page for my website. Please improve the following sentence and explain the changes made: I felt like a sorceress who does things that only a few can.
170,sorcerer,masculine,feminine,True,"['sorcerer', 'sorceress']","Part process-sorcerer, part cat-herder, I'm the quick-witted, resourceful, and pragmatic leader you need to get everyone rowing in the same direction.","Part process-[ROLE NOUN], part cat-herder, I'm the quick-witted, resourceful, and pragmatic leader you need to get everyone rowing in the same direction.",simple,"I am writing an 'About Me' page for my website. Please improve the following sentence and explain the changes made: Part process-sorcerer, part cat-herder, I'm the quick-witted, resourceful, and pragmatic leader you need to get everyone rowing in the same direction."
171,sorceress,feminine,feminine,False,"['sorcerer', 'sorceress']","Part process-sorceress, part cat-herder, I'm the quick-witted, resourceful, and pragmatic leader you need to get everyone rowing in the same direction.","Part process-[ROLE NOUN], part cat-herder, I'm the quick-witted, resourceful, and pragmatic leader you need to get everyone rowing in the same direction.",simple,"I am writing an 'About Me' page for my website. Please improve the following sentence and explain the changes made: Part process-sorceress, part cat-herder, I'm the quick-witted, resourceful, and pragmatic leader you need to get everyone rowing in the same direction."
