index,role_noun,role_noun_set,sentence,task_wording,prompt_text,model,man,woman,person
0,businessperson,"['businessperson', 'businessman', 'businesswoman']","Becoming a businessperson or for-profit entrepreneur would have been unimaginable to me at that time, and it took me a few years to understand that business could actually be a powerful vehicle for social change.",simple,"Becoming a businessperson or for-profit entrepreneur would have been unimaginable to me at that time, and it took me a few years to understand that business could actually be a powerful vehicle for social change. I am a",llama-3.1-8B,-7.065148830413818,-4.393273830413818,-5.033898830413818
1,businessperson,"['businessperson', 'businessman', 'businesswoman']",The same exact patterns that made me a great businessperson were the same patterns that made me a great athlete.,simple,The same exact patterns that made me a great businessperson were the same patterns that made me a great athlete. I am a,llama-3.1-8B,-5.916208267211914,-6.408395767211914,-4.541208267211914
2,businessperson,"['businessperson', 'businessman', 'businesswoman']","If you become our client, you will get the benefit of my thoughts as a businessperson and entrepreneur.",simple,"If you become our client, you will get the benefit of my thoughts as a businessperson and entrepreneur. I am a",llama-3.1-8B,-5.847137451171875,-7.128387451171875,-4.761199951171875
3,businessperson,"['businessperson', 'businessman', 'businesswoman']","I am a skilled presenter, negotiator, and businessperson, and adept at forging solid relationships.",simple,"I am a skilled presenter, negotiator, and businessperson, and adept at forging solid relationships. I am a",llama-3.1-8B,-6.124189376831055,-7.022626876831055,-5.030439376831055
4,businessperson,"['businessperson', 'businessman', 'businesswoman']",I believe that a reputation as an honest and reliable businessperson is the recipe for success.,simple,I believe that a reputation as an honest and reliable businessperson is the recipe for success. I am a,llama-3.1-8B,-4.029022216796875,-6.575897216796875,-4.224334716796875
5,businessperson,"['businessperson', 'businessman', 'businesswoman']","As a businessperson, we all are aware of the metrics that companies assess us with on social media, such as comments, likes, shares.",simple,"As a businessperson, we all are aware of the metrics that companies assess us with on social media, such as comments, likes, shares. I am a",llama-3.1-8B,-7.3931427001953125,-6.4087677001953125,-4.3540802001953125
6,businessperson,"['businessperson', 'businessman', 'businesswoman']",Charity is one of the big reasons I work so hard to be the best investor and businessperson possible.,simple,Charity is one of the big reasons I work so hard to be the best investor and businessperson possible. I am a,llama-3.1-8B,-6.002795219421387,-7.901232719421387,-5.354357719421387
7,businessperson,"['businessperson', 'businessman', 'businesswoman']",The same exact patterns that made me a great businessperson were the same patterns that made me a great athlete.,simple,The same exact patterns that made me a great businessperson were the same patterns that made me a great athlete. I am a,llama-3.1-8B,-5.916208267211914,-6.408395767211914,-4.541208267211914
8,businessperson,"['businessperson', 'businessman', 'businesswoman']","Still pursuing the challenge of being an artist and businessperson, I continue to stretch my creative side for new adventures.",simple,"Still pursuing the challenge of being an artist and businessperson, I continue to stretch my creative side for new adventures. I am a",llama-3.1-8B,-7.383485794067383,-6.102235794067383,-5.820985794067383
9,businessperson,"['businessperson', 'businessman', 'businesswoman']",I am a businessperson.,simple,I am a businessperson. I am a,llama-3.1-8B,-4.97232723236084,-4.48013973236084,-4.83170223236084
10,businessperson,"['businessperson', 'businessman', 'businesswoman']",I was the only expatriate American businessperson in the country and with no television and limited radio; it was quite a learning experience.,simple,I was the only expatriate American businessperson in the country and with no television and limited radio; it was quite a learning experience. I am a,llama-3.1-8B,-5.653287887573242,-5.903287887573242,-5.286100387573242
11,businessperson,"['businessperson', 'businessman', 'businesswoman']","I am a businessperson, more like a scholar.",simple,"I am a businessperson, more like a scholar. I am a",llama-3.1-8B,-4.278838157653809,-5.575713157653809,-3.6694631576538086
12,businessperson,"['businessperson', 'businessman', 'businesswoman']",A businessperson has to deal with customers; I was a bookish introvert and didn't relish being involved that much with the public.,simple,A businessperson has to deal with customers; I was a bookish introvert and didn't relish being involved that much with the public. I am a,llama-3.1-8B,-5.331823348999023,-6.105260848999023,-4.113073348999023
13,businessperson,"['businessperson', 'businessman', 'businesswoman']","I am passionate about people, and as a businessperson I show my passion by giving my customers exceptional service.",simple,"I am passionate about people, and as a businessperson I show my passion by giving my customers exceptional service. I am a",llama-3.1-8B,-5.789608001708984,-5.945858001708984,-4.648983001708984
14,businessperson,"['businessperson', 'businessman', 'businesswoman']","I am a businessperson, entrepreneur, investment expert, business mentor, globetrotter, networking tour organizer, and participant.",simple,"I am a businessperson, entrepreneur, investment expert, business mentor, globetrotter, networking tour organizer, and participant. I am a",llama-3.1-8B,-4.7123565673828125,-6.2357940673828125,-4.7514190673828125
15,businessperson,"['businessperson', 'businessman', 'businesswoman']","I did this while maintaining a career as a businessperson and educator, which has given me a great understanding of people from all walks of life and professions.",simple,"I did this while maintaining a career as a businessperson and educator, which has given me a great understanding of people from all walks of life and professions. I am a",llama-3.1-8B,-4.867410659790039,-6.476785659790039,-4.547098159790039
16,businessperson,"['businessperson', 'businessman', 'businesswoman']",I am a successful businessperson having run residential and commercial real estate brokerages and a mortgage brokerage.,simple,I am a successful businessperson having run residential and commercial real estate brokerages and a mortgage brokerage. I am a,llama-3.1-8B,-6.505740642547607,-7.161990642547607,-5.568240642547607
17,businessperson,"['businessperson', 'businessman', 'businesswoman']",I am also a businessperson and and a web developer.,simple,I am also a businessperson and and a web developer. I am a,llama-3.1-8B,-5.497776031494141,-6.700901031494141,-4.060276031494141
18,businessperson,"['businessperson', 'businessman', 'businesswoman']","After sixteen years, I left to pursue ‚Äúmy dream‚Äù of being a successful businessperson.",simple,"After sixteen years, I left to pursue ‚Äúmy dream‚Äù of being a successful businessperson. I am a",llama-3.1-8B,-5.307774543762207,-4.417149543762207,-4.792149543762207
19,businessperson,"['businessperson', 'businessman', 'businesswoman']","Decide to act and profit from your proposals In my life I have grown up as a businessperson and my intention is to spread my experience and knowledge, and of course, to make my own profit from this.",simple,"Decide to act and profit from your proposals In my life I have grown up as a businessperson and my intention is to spread my experience and knowledge, and of course, to make my own profit from this. I am a",llama-3.1-8B,-4.042446136474609,-4.831508636474609,-2.6752588748931885
20,businessperson,"['businessperson', 'businessman', 'businesswoman']","That is the underlying ethos in the way I practise as a therapist, teacher, trainer and businessperson.",simple,"That is the underlying ethos in the way I practise as a therapist, teacher, trainer and businessperson. I am a",llama-3.1-8B,-5.787389755249023,-6.818639755249023,-3.8342649936676025
21,businessperson,"['businessperson', 'businessman', 'businesswoman']","Others may have viewed me as an accomplished college graduate and businessperson, but I saw myself as a lost soul, always looking for something that felt right.",simple,"Others may have viewed me as an accomplished college graduate and businessperson, but I saw myself as a lost soul, always looking for something that felt right. I am a",llama-3.1-8B,-4.871184349060059,-3.2149345874786377,-3.6289970874786377
22,businessperson,"['businessperson', 'businessman', 'businesswoman']",Consequently my first attempt at being a businessperson failed spectacularly with just 6 months worth of trading and thousands of dollars worth of debt to show for it all.,simple,Consequently my first attempt at being a businessperson failed spectacularly with just 6 months worth of trading and thousands of dollars worth of debt to show for it all. I am a,llama-3.1-8B,-4.8449201583862305,-7.1964826583862305,-4.4308576583862305
23,businessperson,"['businessperson', 'businessman', 'businesswoman']",I made a committed to learn what was needed to become a businessperson.,simple,I made a committed to learn what was needed to become a businessperson. I am a,llama-3.1-8B,-5.320403099060059,-5.023528099060059,-3.6954028606414795
24,businessperson,"['businessperson', 'businessman', 'businesswoman']","I‚Äôve traveled a long, zigzagging path to get to the point where I will describe myself as a businessperson that lives, breaths and loves to create.",simple,"I‚Äôve traveled a long, zigzagging path to get to the point where I will describe myself as a businessperson that lives, breaths and loves to create. I am a",llama-3.1-8B,-6.830060005187988,-4.267560005187988,-4.814435005187988
25,businessperson,"['businessperson', 'businessman', 'businesswoman']","I thought I had it all, successful career as a ballerina, turned executive businessperson, then accomplished entrepreneur.",simple,"I thought I had it all, successful career as a ballerina, turned executive businessperson, then accomplished entrepreneur. I am a",llama-3.1-8B,-6.64693021774292,-3.38130521774292,-5.35005521774292
26,businessperson,"['businessperson', 'businessman', 'businesswoman']","My lifelong goal is to be an honest, ethical, and authentic businessperson.",simple,"My lifelong goal is to be an honest, ethical, and authentic businessperson. I am a",llama-3.1-8B,-4.590892791748047,-5.036205291748047,-4.239330291748047
27,businessperson,"['businessperson', 'businessman', 'businesswoman']","I'm a businessperson, a strategic partner to the brands I love and endorse.",simple,"I'm a businessperson, a strategic partner to the brands I love and endorse. I am a",llama-3.1-8B,-5.672442436218262,-4.641192436218262,-5.586504936218262
28,businessperson,"['businessperson', 'businessman', 'businesswoman']",I can tell you I am not the city businessperson I always dreamed I would be and I‚Äôm okay with that.,simple,I can tell you I am not the city businessperson I always dreamed I would be and I‚Äôm okay with that. I am a,llama-3.1-8B,-7.539524078369141,-4.336399078369141,-4.508274078369141
29,businessperson,"['businessperson', 'businessman', 'businesswoman']","As a businessperson, I‚Äôm known for my incomparable salesmanship.",simple,"As a businessperson, I‚Äôm known for my incomparable salesmanship. I am a",llama-3.1-8B,-3.9336140155792236,-5.9023637771606445,-4.6054887771606445
30,outdoorsperson,"['outdoorsperson', 'outdoorsman', 'outdoorswoman']","I am an avid outdoorsperson with a variety of interests, including birding, botany, hiking, travel, wine tasting, and photography.",simple,"I am an avid outdoorsperson with a variety of interests, including birding, botany, hiking, travel, wine tasting, and photography. I am a",llama-3.1-8B,-8.394844055175781,-8.090156555175781,-7.738594055175781
31,outdoorsperson,"['outdoorsperson', 'outdoorsman', 'outdoorswoman']","I‚Äôm an experimental physicist by day (and night, I guess) and curious outdoorsperson much of the rest of the time.",simple,"I‚Äôm an experimental physicist by day (and night, I guess) and curious outdoorsperson much of the rest of the time. I am a",llama-3.1-8B,-6.854142665863037,-8.354143142700195,-7.291642665863037
32,outdoorsperson,"['outdoorsperson', 'outdoorsman', 'outdoorswoman']",I‚Äôm an avid outdoorsperson.,simple,I‚Äôm an avid outdoorsperson. I am a,llama-3.1-8B,-6.35291862487793,-6.50916862487793,-6.26698112487793
33,outdoorsperson,"['outdoorsperson', 'outdoorsman', 'outdoorswoman']","Like many of you, I have been an avid outdoorsperson all my life.",simple,"Like many of you, I have been an avid outdoorsperson all my life. I am a",llama-3.1-8B,-6.857484817504883,-8.380922317504883,-7.248109817504883
34,outdoorsperson,"['outdoorsperson', 'outdoorsman', 'outdoorswoman']",I am an avid outdoorsperson and I love making and creating things.,simple,I am an avid outdoorsperson and I love making and creating things. I am a,llama-3.1-8B,-5.97481107711792,-7.83418607711792,-5.90449857711792
35,outdoorsperson,"['outdoorsperson', 'outdoorsman', 'outdoorswoman']","When I started this blog, I was a big city kid turned fake outdoorsperson.",simple,"When I started this blog, I was a big city kid turned fake outdoorsperson. I am a",llama-3.1-8B,-6.131146430969238,-4.951458930969238,-4.834271430969238
36,outdoorsperson,"['outdoorsperson', 'outdoorsman', 'outdoorswoman']",From grass-roots I am an avid outdoorsperson and enjoy skiing in the winters and riding my bike and fishing in the summers.,simple,From grass-roots I am an avid outdoorsperson and enjoy skiing in the winters and riding my bike and fishing in the summers. I am a,llama-3.1-8B,-6.135003566741943,-8.927972793579102,-6.291253566741943
37,outdoorsperson,"['outdoorsperson', 'outdoorsman', 'outdoorswoman']","I am a creator, a designer, and an avid outdoorsperson.",simple,"I am a creator, a designer, and an avid outdoorsperson. I am a",llama-3.1-8B,-5.074333190917969,-6.285270690917969,-5.035270690917969
38,outdoorsperson,"['outdoorsperson', 'outdoorsman', 'outdoorswoman']","I am an avid sports and outdoorsperson enjoying fishing boating, hunting, hockey and baseball.",simple,"I am an avid sports and outdoorsperson enjoying fishing boating, hunting, hockey and baseball. I am a",llama-3.1-8B,-6.348849296569824,-9.966036796569824,-5.809786796569824
39,outdoorsperson,"['outdoorsperson', 'outdoorsman', 'outdoorswoman']","In my personal time, I love going to the gym, surfing, snowboarding, cooking, outdoorsperson, hanging out w my family and friends.",simple,"In my personal time, I love going to the gym, surfing, snowboarding, cooking, outdoorsperson, hanging out w my family and friends. I am a",llama-3.1-8B,-5.212494373321533,-7.696869373321533,-4.798431873321533
40,outdoorsperson,"['outdoorsperson', 'outdoorsman', 'outdoorswoman']","Let me start off by saying that I‚Äôm an engineer-by-trade, outdoorsperson-at-heart.",simple,"Let me start off by saying that I‚Äôm an engineer-by-trade, outdoorsperson-at-heart. I am a",llama-3.1-8B,-4.463351249694824,-6.197726249694824,-4.853976249694824
41,outdoorsperson,"['outdoorsperson', 'outdoorsman', 'outdoorswoman']","It‚Äôs taken me years of research, practice and mistakes to become the outdoorsperson I am today.",simple,"It‚Äôs taken me years of research, practice and mistakes to become the outdoorsperson I am today. I am a",llama-3.1-8B,-5.568243503570557,-3.5994935035705566,-5.169806003570557
42,outdoorsperson,"['outdoorsperson', 'outdoorsman', 'outdoorswoman']","Beyond music and academics, I am also a dedicated outdoorsperson and environmentalist.",simple,"Beyond music and academics, I am also a dedicated outdoorsperson and environmentalist. I am a",llama-3.1-8B,-8.621938705444336,-9.555532455444336,-8.692251205444336
43,outdoorsperson,"['outdoorsperson', 'outdoorsman', 'outdoorswoman']",I admit to being a fair weather outdoorsperson most of the time.,simple,I admit to being a fair weather outdoorsperson most of the time. I am a,llama-3.1-8B,-6.123594760894775,-6.928282260894775,-4.490782260894775
44,outdoorsperson,"['outdoorsperson', 'outdoorsman', 'outdoorswoman']","So as an avid outdoorsperson, why wouldn't I want my children to have the greatest classroom experiences available!",simple,"So as an avid outdoorsperson, why wouldn't I want my children to have the greatest classroom experiences available! I am a",llama-3.1-8B,-6.402793884277344,-7.543418884277344,-5.934043884277344
45,outdoorsperson,"['outdoorsperson', 'outdoorsman', 'outdoorswoman']","I‚Äôm a runner, a yogi, a outdoorsperson, and a cyclist.",simple,"I‚Äôm a runner, a yogi, a outdoorsperson, and a cyclist. I am a",llama-3.1-8B,-6.115311145782471,-5.060623645782471,-4.716873645782471
46,outdoorsperson,"['outdoorsperson', 'outdoorsman', 'outdoorswoman']","At various points in my life I've been an avid outdoorsperson, a puzzle hunt geek, a board game aficionado, and a keen creative writer.",simple,"At various points in my life I've been an avid outdoorsperson, a puzzle hunt geek, a board game aficionado, and a keen creative writer. I am a",llama-3.1-8B,-5.579778671264648,-7.525091171264648,-5.111028671264648
47,outdoorsperson,"['outdoorsperson', 'outdoorsman', 'outdoorswoman']","I am an avid outdoorsperson, with my adoration residing in the backcountry; backpacking, back country and downhill skiing, fly fishing, trekking and mountaineering to name a few.",simple,"I am an avid outdoorsperson, with my adoration residing in the backcountry; backpacking, back country and downhill skiing, fly fishing, trekking and mountaineering to name a few. I am a",llama-3.1-8B,-6.305461883544922,-8.055461883544922,-6.219524383544922
48,outdoorsperson,"['outdoorsperson', 'outdoorsman', 'outdoorswoman']","Therefore, if you want to read my blogs more often, you can be sure that you cannot be sure that I will publish on a regular basis. üòâ Furthermore, I am an outdoorsperson who engages in all manners of sports.",simple,"Therefore, if you want to read my blogs more often, you can be sure that you cannot be sure that I will publish on a regular basis. üòâ Furthermore, I am an outdoorsperson who engages in all manners of sports. I am a",llama-3.1-8B,-5.346205711364746,-7.104018211364746,-4.721205711364746
49,outdoorsperson,"['outdoorsperson', 'outdoorsman', 'outdoorswoman']","While I like to think I‚Äôm a natural outdoorsperson, the reality is that the grit and grime of the outdoors stretches me outside my comfort zone (which is why I enter the wilderness with a ready supply of insta-lattes).",simple,"While I like to think I‚Äôm a natural outdoorsperson, the reality is that the grit and grime of the outdoors stretches me outside my comfort zone (which is why I enter the wilderness with a ready supply of insta-lattes). I am a",llama-3.1-8B,-5.863227367401123,-4.566352367401123,-4.535102367401123
50,outdoorsperson,"['outdoorsperson', 'outdoorsman', 'outdoorswoman']",I am an avid outdoorsperson and a life-long creative.,simple,I am an avid outdoorsperson and a life-long creative. I am a,llama-3.1-8B,-6.425103187561035,-7.120415687561035,-6.596978187561035
51,outdoorsperson,"['outdoorsperson', 'outdoorsman', 'outdoorswoman']","I‚Äôm a blogger, professional, parent, and outdoorsperson.",simple,"I‚Äôm a blogger, professional, parent, and outdoorsperson. I am a",llama-3.1-8B,-5.459112167358398,-5.170049667358398,-5.068487167358398
52,outdoorsperson,"['outdoorsperson', 'outdoorsman', 'outdoorswoman']",I am an avid outdoorsperson and my inspiration comes from nature.,simple,I am an avid outdoorsperson and my inspiration comes from nature. I am a,llama-3.1-8B,-6.867470741271973,-6.609658241271973,-6.586220741271973
53,firefighter,"['firefighter', 'fireman', 'firewoman']",My vocation was to be a firefighter and training was never easy.,simple,My vocation was to be a firefighter and training was never easy. I am a,llama-3.1-8B,-4.3620758056640625,-3.9792633056640625,-3.5417633056640625
54,firefighter,"['firefighter', 'fireman', 'firewoman']","As a career firefighter, the same passion I‚Äôve applied to my profession goes directly into my passion for creating cakes.",simple,"As a career firefighter, the same passion I‚Äôve applied to my profession goes directly into my passion for creating cakes. I am a",llama-3.1-8B,-6.856452465057373,-8.622076988220215,-6.184577465057373
55,firefighter,"['firefighter', 'fireman', 'firewoman']",I am personally a retired firefighter with 27 years of experience.,simple,I am personally a retired firefighter with 27 years of experience. I am a,llama-3.1-8B,-7.584855556488037,-9.061418533325195,-6.342668056488037
56,firefighter,"['firefighter', 'fireman', 'firewoman']","Fun fact about me, I used to be a volunteer firefighter.",simple,"Fun fact about me, I used to be a volunteer firefighter. I am a",llama-3.1-8B,-7.003620147705078,-5.737995147705078,-6.691120147705078
57,firefighter,"['firefighter', 'fireman', 'firewoman']",Electronics and communications equipment put me smack in the middle of public safety as a volunteer firefighter.,simple,Electronics and communications equipment put me smack in the middle of public safety as a volunteer firefighter. I am a,llama-3.1-8B,-7.856631278991699,-9.2238187789917,-7.176943778991699
58,firefighter,"['firefighter', 'fireman', 'firewoman']","Other careers I debated about from a young age, included firefighter, farmer, and chef.",simple,"Other careers I debated about from a young age, included firefighter, farmer, and chef. I am a",llama-3.1-8B,-5.905753135681152,-5.663565635681152,-5.179190635681152
59,firefighter,"['firefighter', 'fireman', 'firewoman']","I am also a firefighter, which encourages me to live by the same principles I teach my athletes.",simple,"I am also a firefighter, which encourages me to live by the same principles I teach my athletes. I am a",llama-3.1-8B,-6.878998279571533,-8.968841552734375,-6.371185779571533
60,firefighter,"['firefighter', 'fireman', 'firewoman']",You would think being a firefighter I would be in great shape!,simple,You would think being a firefighter I would be in great shape! I am a,llama-3.1-8B,-5.797619819641113,-5.617932319641113,-5.867932319641113
61,firefighter,"['firefighter', 'fireman', 'firewoman']",I absolutely love my Town and also proud to serve my community as an on call firefighter.,simple,I absolutely love my Town and also proud to serve my community as an on call firefighter. I am a,llama-3.1-8B,-6.8429646492004395,-8.018745422363281,-6.0148396492004395
62,firefighter,"['firefighter', 'fireman', 'firewoman']",This evolvement can be seen in the images I now capture while on the fire line as a wildfire firefighter.,simple,This evolvement can be seen in the images I now capture while on the fire line as a wildfire firefighter. I am a,llama-3.1-8B,-5.799106597900391,-4.111606597900391,-5.142856597900391
63,firefighter,"['firefighter', 'fireman', 'firewoman']",I was lucky to find someone who could see that I wasn‚Äôt doing well and not coping and helped ‚Äúsend me through the system‚Äù to get me the help I needed to get back to being a healthy firefighter.,simple,I was lucky to find someone who could see that I wasn‚Äôt doing well and not coping and helped ‚Äúsend me through the system‚Äù to get me the help I needed to get back to being a healthy firefighter. I am a,llama-3.1-8B,-6.691221237182617,-6.159971237182617,-4.769346237182617
64,firefighter,"['firefighter', 'fireman', 'firewoman']","In the mid 2000s I became a firefighter, and thereafter a paramedic.",simple,"In the mid 2000s I became a firefighter, and thereafter a paramedic. I am a",llama-3.1-8B,-5.455780029296875,-7.072967529296875,-5.229217529296875
65,firefighter,"['firefighter', 'fireman', 'firewoman']",It didn‚Äôt take me long to realize how hard it was to earn a living as a firefighter/paramedic.,simple,It didn‚Äôt take me long to realize how hard it was to earn a living as a firefighter/paramedic. I am a,llama-3.1-8B,-5.290419578552246,-6.391982078552246,-4.438857078552246
66,firefighter,"['firefighter', 'fireman', 'firewoman']",I became a firefighter.,simple,I became a firefighter. I am a,llama-3.1-8B,-5.2015910148620605,-4.5609660148620605,-5.6937785148620605
67,firefighter,"['firefighter', 'fireman', 'firewoman']","I work in fire protection, not a firefighter, and I work out 5 days a week.",simple,"I work in fire protection, not a firefighter, and I work out 5 days a week. I am a",llama-3.1-8B,-5.9740447998046875,-5.7865447998046875,-5.8334197998046875
68,firefighter,"['firefighter', 'fireman', 'firewoman']",I am a career firefighter that works 2 full time jobs.,simple,I am a career firefighter that works 2 full time jobs. I am a,llama-3.1-8B,-7.138040542602539,-8.466165542602539,-7.255228042602539
69,firefighter,"['firefighter', 'fireman', 'firewoman']","I'm just an old retired firefighter who enjoys a great many activities such as hunting, fishing, playing bluegrass music and seeing new sights.",simple,"I'm just an old retired firefighter who enjoys a great many activities such as hunting, fishing, playing bluegrass music and seeing new sights. I am a",llama-3.1-8B,-5.556528091430664,-8.439340591430664,-5.986215591430664
70,firefighter,"['firefighter', 'fireman', 'firewoman']","I am a farmer, an ally, a firestarter, a firefighter.",simple,"I am a farmer, an ally, a firestarter, a firefighter. I am a",llama-3.1-8B,-4.643314361572266,-3.6745643615722656,-4.658939361572266
71,firefighter,"['firefighter', 'fireman', 'firewoman']","I was also a polar bear-guard, a helicopter controller and also a firefighter on the helicopter squad.",simple,"I was also a polar bear-guard, a helicopter controller and also a firefighter on the helicopter squad. I am a",llama-3.1-8B,-5.569396018981934,-6.553771018981934,-5.295958518981934
72,firefighter,"['firefighter', 'fireman', 'firewoman']","I went to a few colleges last year, so I‚Äôm known as the town firefighter.",simple,"I went to a few colleges last year, so I‚Äôm known as the town firefighter. I am a",llama-3.1-8B,-6.232847213745117,-6.404722213745117,-5.506284713745117
73,police officer,"['police officer', 'policeman', 'policewoman']",It was these early memories that sparked my desire to become a police officer.,simple,It was these early memories that sparked my desire to become a police officer. I am a,llama-3.1-8B,-5.330087184906006,-6.267587184906006,-4.947274684906006
74,police officer,"['police officer', 'policeman', 'policewoman']","I started my career as a police officer working in a busy station dealing with all aspects of policing, I was also the cadet training officer developing teenagers who wanted to join the police when they turned 18, this was where my love for developing people began.",simple,"I started my career as a police officer working in a busy station dealing with all aspects of policing, I was also the cadet training officer developing teenagers who wanted to join the police when they turned 18, this was where my love for developing people began. I am a",llama-3.1-8B,-6.715877532958984,-8.895565032958984,-5.145565032958984
75,police officer,"['police officer', 'policeman', 'policewoman']",It was then when my mind shifted from wanting to be a police officer to wanting to be a crime beat reporter.,simple,It was then when my mind shifted from wanting to be a police officer to wanting to be a crime beat reporter. I am a,llama-3.1-8B,-5.593624591827393,-5.062374591827393,-4.531124591827393
76,police officer,"['police officer', 'policeman', 'policewoman']","I started in the business of caring for pets due to my love of animals, having previously been a police officer for 22 years.",simple,"I started in the business of caring for pets due to my love of animals, having previously been a police officer for 22 years. I am a",llama-3.1-8B,-7.403397560119629,-9.278397560119629,-6.192460060119629
77,police officer,"['police officer', 'policeman', 'policewoman']","While I had intended to work in that field for only a few years, until I completed my college studies and obtained my degree, life took hold and between marriage, buying a house and raising kiddos that career as a police officer became a major part of my life for nearly 30 years.",simple,"While I had intended to work in that field for only a few years, until I completed my college studies and obtained my degree, life took hold and between marriage, buying a house and raising kiddos that career as a police officer became a major part of my life for nearly 30 years. I am a",llama-3.1-8B,-6.041179180145264,-5.259929180145264,-5.150554180145264
78,police officer,"['police officer', 'policeman', 'policewoman']",My full-time job for the last 15 years has been a police officer.,simple,My full-time job for the last 15 years has been a police officer. I am a,llama-3.1-8B,-5.936518669128418,-6.272456169128418,-6.084956169128418
79,police officer,"['police officer', 'policeman', 'policewoman']",During my career as an police officer I've always remained active by doing small edits at existing Wordpress sites.,simple,During my career as an police officer I've always remained active by doing small edits at existing Wordpress sites. I am a,llama-3.1-8B,-6.038802623748779,-9.991928100585938,-4.952865123748779
80,police officer,"['police officer', 'policeman', 'policewoman']","From an early age, I always wanted to be a police officer.",simple,"From an early age, I always wanted to be a police officer. I am a",llama-3.1-8B,-5.694546699523926,-6.757046699523926,-4.889859199523926
81,police officer,"['police officer', 'policeman', 'policewoman']",I am a retired police officer and veteran (achievements I am incredibly proud of).,simple,I am a retired police officer and veteran (achievements I am incredibly proud of). I am a,llama-3.1-8B,-4.22511100769043,-6.39698600769043,-5.23292350769043
82,police officer,"['police officer', 'policeman', 'policewoman']",I once had ambitions to be a police officer.,simple,I once had ambitions to be a police officer. I am a,llama-3.1-8B,-4.303544044494629,-3.912919044494629,-4.701981544494629
83,police officer,"['police officer', 'policeman', 'policewoman']","I‚Äôd hunted down and arrested murderers, rapists, burglars and drug dealers as a police officer.",simple,"I‚Äôd hunted down and arrested murderers, rapists, burglars and drug dealers as a police officer. I am a",llama-3.1-8B,-4.478794097900391,-5.314731597900391,-6.041294097900391
84,police officer,"['police officer', 'policeman', 'policewoman']","During my five years of active duty, I worked as a military police officer.",simple,"During my five years of active duty, I worked as a military police officer. I am a",llama-3.1-8B,-5.512222766876221,-5.246597766876221,-5.816910266876221
85,police officer,"['police officer', 'policeman', 'policewoman']","Before I went to school, I worked as an auto mechanic, campus police officer, factory helot, day laborer and cab driver for a former motorcycle gang (don‚Äôt ask).",simple,"Before I went to school, I worked as an auto mechanic, campus police officer, factory helot, day laborer and cab driver for a former motorcycle gang (don‚Äôt ask). I am a",llama-3.1-8B,-5.4964189529418945,-8.531575202941895,-6.1682939529418945
86,police officer,"['police officer', 'policeman', 'policewoman']","When I was four, I was set on becoming a police officer, but that never panned out.",simple,"When I was four, I was set on becoming a police officer, but that never panned out. I am a",llama-3.1-8B,-5.603267669677734,-6.009517669677734,-5.978267669677734
87,police officer,"['police officer', 'policeman', 'policewoman']",I also believe that by working as a police officer I also got a more humble picture of my fellow human beings.,simple,I also believe that by working as a police officer I also got a more humble picture of my fellow human beings. I am a,llama-3.1-8B,-4.689789772033691,-5.658539772033691,-3.4710397720336914
88,police officer,"['police officer', 'policeman', 'policewoman']","Finally, I am not trying to write a formal academic treatise free of bias ‚Äì I‚Äôm a police officer, writing about police related mental health incidents from that perspective and there are reasons for that.",simple,"Finally, I am not trying to write a formal academic treatise free of bias ‚Äì I‚Äôm a police officer, writing about police related mental health incidents from that perspective and there are reasons for that. I am a",llama-3.1-8B,-4.967170715332031,-6.381233215332031,-5.006233215332031
89,police officer,"['police officer', 'policeman', 'policewoman']","Far too much rubbish described as 'Fine' or 'Very Fine' is offered for sale these days, and I refuse to be part of such a practise, which to me as a retired police officer amounts to fraud!",simple,"Far too much rubbish described as 'Fine' or 'Very Fine' is offered for sale these days, and I refuse to be part of such a practise, which to me as a retired police officer amounts to fraud! I am a",llama-3.1-8B,-5.357832908630371,-11.791426658630371,-6.443770408630371
90,police officer,"['police officer', 'policeman', 'policewoman']","Far too much rubbish described as 'Fine' or 'Very Fine' is offered for sale these days, and I refuse to be part of such a practise, which to me as a retired police officer amounts to fraud!",simple,"Far too much rubbish described as 'Fine' or 'Very Fine' is offered for sale these days, and I refuse to be part of such a practise, which to me as a retired police officer amounts to fraud! I am a",llama-3.1-8B,-5.357832908630371,-11.791426658630371,-6.443770408630371
91,police officer,"['police officer', 'policeman', 'policewoman']",I was rubbish at being a police officer and got thrown out after 2 years.,simple,I was rubbish at being a police officer and got thrown out after 2 years. I am a,llama-3.1-8B,-5.446564674377441,-6.126252174377441,-6.907502174377441
92,police officer,"['police officer', 'policeman', 'policewoman']","At that point, I‚Äôd already been a police officer for over ten years.",simple,"At that point, I‚Äôd already been a police officer for over ten years. I am a",llama-3.1-8B,-4.988430500030518,-4.808743000030518,-5.175930500030518
93,police officer,"['police officer', 'policeman', 'policewoman']","I have been a nurse, a police officer, a teacher and then for the last twenty five years, an educational psychologist.",simple,"I have been a nurse, a police officer, a teacher and then for the last twenty five years, an educational psychologist. I am a",llama-3.1-8B,-5.223332405090332,-5.629582405090332,-5.035832405090332
94,police officer,"['police officer', 'policeman', 'policewoman']","As a child I had many ambitions, I wanted to be a teacher, a police officer and a beautician!",simple,"As a child I had many ambitions, I wanted to be a teacher, a police officer and a beautician! I am a",llama-3.1-8B,-7.802938938140869,-5.248251438140869,-5.420126438140869
95,police officer,"['police officer', 'policeman', 'policewoman']","But also its dark sides are constant companions, which I experience again and again as a passionate kitesurfer, in my profession as a police officer and in everyday life.",simple,"But also its dark sides are constant companions, which I experience again and again as a passionate kitesurfer, in my profession as a police officer and in everyday life. I am a",llama-3.1-8B,-3.6574230194091797,-6.07148551940918,-4.21992301940918
96,police officer,"['police officer', 'policeman', 'policewoman']",My background is in direct sales but I started my working life as a police officer!,simple,My background is in direct sales but I started my working life as a police officer! I am a,llama-3.1-8B,-8.088269233703613,-6.892956733703613,-6.596081733703613
97,police officer,"['police officer', 'policeman', 'policewoman']",When I was a teenager I wanted to become a police officer or a forester.,simple,When I was a teenager I wanted to become a police officer or a forester. I am a,llama-3.1-8B,-4.511889457702637,-4.418139457702637,-4.300951957702637
98,police officer,"['police officer', 'policeman', 'policewoman']","I‚Äôve always been a believer in thinking that I can do anything that I set my mind to, which has had me pondering on being a police officer, a lawyer, a social worker and a teacher, just to name a few professions that have crossed my mind over the years.",simple,"I‚Äôve always been a believer in thinking that I can do anything that I set my mind to, which has had me pondering on being a police officer, a lawyer, a social worker and a teacher, just to name a few professions that have crossed my mind over the years. I am a",llama-3.1-8B,-6.472146987915039,-3.831521987915039,-3.495584487915039
99,meteorologist,"['meteorologist', 'weatherman', 'weatherwoman']","Growing up I always imagined being a TV meteorologist, however sometimes life throws you a curve ball.",simple,"Growing up I always imagined being a TV meteorologist, however sometimes life throws you a curve ball. I am a",llama-3.1-8B,-7.588456153869629,-6.565018653869629,-6.377518653869629
100,meteorologist,"['meteorologist', 'weatherman', 'weatherwoman']",My first job out of college was as a meteorologist at a weather modification company.,simple,My first job out of college was as a meteorologist at a weather modification company. I am a,llama-3.1-8B,-7.213123321533203,-6.822498321533203,-6.338123321533203
101,meteorologist,"['meteorologist', 'weatherman', 'weatherwoman']","Formerly a broadcast meteorologist, I left what I once considered a dream job to pursue happiness and it has been the greatest decision I‚Äôve ever made!",simple,"Formerly a broadcast meteorologist, I left what I once considered a dream job to pursue happiness and it has been the greatest decision I‚Äôve ever made! I am a",llama-3.1-8B,-8.120979309082031,-6.027229309082031,-6.691291809082031
102,meteorologist,"['meteorologist', 'weatherman', 'weatherwoman']","I worked as a meteorologist, forecasting the weather both at home as well as in wild, remote places overseas.",simple,"I worked as a meteorologist, forecasting the weather both at home as well as in wild, remote places overseas. I am a",llama-3.1-8B,-6.11591100692749,-6.71747350692749,-6.61591100692749
103,meteorologist,"['meteorologist', 'weatherman', 'weatherwoman']",I‚Äôm a meteorologist for a television station.,simple,I‚Äôm a meteorologist for a television station. I am a,llama-3.1-8B,-5.30879020690918,-5.23066520690918,-5.23847770690918
104,meteorologist,"['meteorologist', 'weatherman', 'weatherwoman']","As a meteorologist and storm chaser, I continued to develop a love for the landscape and the scenes nature has to offer.",simple,"As a meteorologist and storm chaser, I continued to develop a love for the landscape and the scenes nature has to offer. I am a",llama-3.1-8B,-6.044984817504883,-8.521547317504883,-6.380922317504883
105,meteorologist,"['meteorologist', 'weatherman', 'weatherwoman']",I am a cosmic meteorologist - I read predictions fully aware that they are only probabilities.,simple,I am a cosmic meteorologist - I read predictions fully aware that they are only probabilities. I am a,llama-3.1-8B,-6.482829570770264,-7.662517070770264,-5.498454570770264
106,meteorologist,"['meteorologist', 'weatherman', 'weatherwoman']","As a career broadcast meteorologist I bring unique, relatable experience to my clients from forecasting every type of extreme weather to life-seasoned communications skills.",simple,"As a career broadcast meteorologist I bring unique, relatable experience to my clients from forecasting every type of extreme weather to life-seasoned communications skills. I am a",llama-3.1-8B,-7.374387741088867,-7.499387741088867,-6.085325241088867
107,meteorologist,"['meteorologist', 'weatherman', 'weatherwoman']",I‚Äôm a trained meteorologist with 7 years of experience working on television on the local level and on the national level.,simple,I‚Äôm a trained meteorologist with 7 years of experience working on television on the local level and on the national level. I am a,llama-3.1-8B,-8.204768180847168,-8.290705680847168,-7.275080680847168
108,meteorologist,"['meteorologist', 'weatherman', 'weatherwoman']","Before I became a piano teacher, I was a television meteorologist.",simple,"Before I became a piano teacher, I was a television meteorologist. I am a",llama-3.1-8B,-8.367439270019531,-6.859626770019531,-6.312751770019531
109,meteorologist,"['meteorologist', 'weatherman', 'weatherwoman']","There are many similar pictures ‚Äî I personally made a lot of them in the mountains ‚Äî but with clear blue sky, or with natural clouds (I also worked for many years as a meteorologist at high mountain weather station, and am very familiar with the weather phenomenon).",simple,"There are many similar pictures ‚Äî I personally made a lot of them in the mountains ‚Äî but with clear blue sky, or with natural clouds (I also worked for many years as a meteorologist at high mountain weather station, and am very familiar with the weather phenomenon). I am a",llama-3.1-8B,-5.229790687561035,-7.971978187561035,-4.909478187561035
110,meteorologist,"['meteorologist', 'weatherman', 'weatherwoman']",I am not your average meteorologist.,simple,I am not your average meteorologist. I am a,llama-3.1-8B,-4.804633140563965,-4.039008140563965,-4.617133140563965
111,meteorologist,"['meteorologist', 'weatherman', 'weatherwoman']","For more than 20 years, I have been blessed to be your meteorologist.",simple,"For more than 20 years, I have been blessed to be your meteorologist. I am a",llama-3.1-8B,-6.269848823547363,-9.254223823547363,-7.176098823547363
112,meteorologist,"['meteorologist', 'weatherman', 'weatherwoman']","From the very first time I crawled under my bed to hide from a thunderstorm, I knew exactly what I wanted to be - a broadcast meteorologist.",simple,"From the very first time I crawled under my bed to hide from a thunderstorm, I knew exactly what I wanted to be - a broadcast meteorologist. I am a",llama-3.1-8B,-7.093680381774902,-7.031180381774902,-6.062430381774902
113,meteorologist,"['meteorologist', 'weatherman', 'weatherwoman']",Actually once I almost became a meteorologist in one of the polish TV stations.,simple,Actually once I almost became a meteorologist in one of the polish TV stations. I am a,llama-3.1-8B,-5.825992584228516,-6.021305084228516,-4.474430084228516
114,meteorologist,"['meteorologist', 'weatherman', 'weatherwoman']","Now TV wasn‚Äôt ever a field I thought I would be a part of, but here was my chance to be a meteorologist‚Ä¶something I had always wanted to be.",simple,"Now TV wasn‚Äôt ever a field I thought I would be a part of, but here was my chance to be a meteorologist‚Ä¶something I had always wanted to be. I am a",llama-3.1-8B,-6.115754127502441,-6.561066627502441,-4.857941627502441
115,meteorologist,"['meteorologist', 'weatherman', 'weatherwoman']",My very first goal was to be a meteorologist on a local news station.,simple,My very first goal was to be a meteorologist on a local news station. I am a,llama-3.1-8B,-7.068997859954834,-6.045560359954834,-4.920560359954834
116,meteorologist,"['meteorologist', 'weatherman', 'weatherwoman']","For more than 20 years, I have been blessed to be your meteorologist.",simple,"For more than 20 years, I have been blessed to be your meteorologist. I am a",llama-3.1-8B,-6.269848823547363,-9.254223823547363,-7.176098823547363
